sp10-01-53,
sp10-01-32,
sp10-01-31,
sp10-01-13,
sp10-01-47,
sp10-01-07,
sp10-01-26,
sp10-01-01,
sp10-01-24,
sp10-01-08,
sp10-01-09,
sp10-01-48,
sp10-01-18,
sp10-01-19,
sp10-01-42,
sp10-01-29,
sp10-01-49,
sp10-01-33,
sp10-01-38,
sp10-01-36,
sp10-01-43,
sp10-01-44,
sp10-01-55,
sp10-01-41,
sp10-01-52,
sp10-01-25,
sp10-01-02,
sp10-01-17,
sp10-01-46,
sp10-01-45,
sp10-01-51,
sp10-01-40,
sp10-01-34,
sp10-01-39,
sp10-01-16,
sp10-01-05,
sp10-01-37,
sp10-01-30,
sp10-01-35,
sp10-01-06,
sp10-01-22,
sp10-01-56,
fa10-01-01,
fa10-01-02,
fa10-01-03,
fa10-01-04,
fa10-01-06,
fa10-01-08,
fa10-01-07,
fa10-01-09,
fa10-01-10,
fa10-01-12,
sp10-01-23,
fa10-01-11,
fa10-01-14,
fa10-01-13,
fa10-01-05,
sp10-01-12,
fa10-01-15,
fa10-01-22,
fa10-01-25,
fa10-01-21,
fa10-01-18,
fa10-01-26,
fa10-01-20,
fa10-01-27,
fa10-01-16,
fa10-01-17,
fa10-01-23,
fa10-01-32,
fa10-01-31,
fa10-01-29,
fa10-01-30,
fa10-01-28,
fa10-01-44,
fa10-01-45,
fa10-01-47,
fa10-01-41,
fa10-01-46,
fa10-01-48,
fa10-01-42,
fa10-01-72,
fa10-01-71,
fa10-01-53,
fa10-01-43,
fa10-01-49,
fa10-01-54,
fa10-01-50,
fa10-01-51,
fa10-01-52,
fa10-01-37,
fa10-01-38,
fa10-01-36,
fa10-01-40,
fa10-01-34,
fa10-01-35,
fa10-01-69,
fa10-01-70,
fa10-01-68,
fa10-01-33,
fa10-01-74,
fa10-01-73,
fa10-01-19,
fa10-01-61,
fa10-01-62,
fa10-01-64,
fa10-01-63,
fa10-01-57,
fa10-01-58,
fa10-01-66,
fa10-01-65,
fa10-01-55,
fa10-01-75,
fa10-01-76,
fa10-01-60,
fa10-01-59,
fa10-01-78,
fa10-01-56,
fa10-01-77,
fa10-01-39,
fa10-01-67,
fa10-01-83,
fa10-01-82,
fa10-01-80,
fa10-01-79,
fa10-01-81,
fa10-01-24,
fa10-01-85,
fa10-01-86,
sp10-01-11