ID,DATE,Timestamp,TIME,WEEK,TYPE,TARGET
fa10-01-39,2010-10-15 23:50:02,1287154200,23,6,"outgoing","1aa25b70382c742bf65351704f3b800f05cc4492"
fa10-01-39,2010-10-16 14:12:33,1287205920,14,7,"outgoing","1aa25b70382c742bf65351704f3b800f05cc4492"
fa10-01-39,2010-10-18 12:27:22,1287372420,12,2,"outgoing","1a041e2cc157c91ed68fa7b2662201b1a211f172"
fa10-01-39,2010-10-17 22:33:26,1287322380,22,1,"incoming","e8571d7cc7fe398194c6fe02ca8511caa67d3c95"
fa10-01-39,2010-10-18 22:33:22,1287408780,22,2,"outgoing","1aa25b70382c742bf65351704f3b800f05cc4492"
fa10-01-39,2010-10-19 23:31:20,1287498660,23,3,"outgoing","a33745d91375dcbbb87d0a8c42bd70aab3390d5a"
fa10-01-39,2010-10-20 15:23:49,1287555780,15,4,"outgoing","6bc018c274d3f1206736b72d2a9d9a81b07af8f2"
fa10-01-39,2010-10-20 16:42:01,1287560520,16,4,"missed","e419b029f736f1bb5e9260c4e5a7df0aa481e1f8"
fa10-01-39,2010-10-22 16:22:58,1287732120,16,6,"outgoing","1aa25b70382c742bf65351704f3b800f05cc4492"
fa10-01-39,2010-10-24 13:55:30,1287896100,13,1,"outgoing","eaa49de6d5fcb44b60d71cddd259192985201513"
fa10-01-39,2010-10-24 19:02:58,1287914520,19,1,"outgoing","eaa49de6d5fcb44b60d71cddd259192985201513"
fa10-01-39,2010-10-24 23:43:21,1287931380,23,1,"outgoing","eaa49de6d5fcb44b60d71cddd259192985201513"
fa10-01-39,2010-10-24 23:44:55,1287931440,23,1,"outgoing","eaa49de6d5fcb44b60d71cddd259192985201513"
fa10-01-39,2010-10-24 23:44:30,1287931440,23,1,"outgoing","eaa49de6d5fcb44b60d71cddd259192985201513"
fa10-01-39,2010-10-24 23:45:30,1287931500,23,1,"outgoing","eaa49de6d5fcb44b60d71cddd259192985201513"
fa10-01-39,2010-10-25 10:57:25,1287971820,10,2,"missed","81bacbfb0d727f62e8040cdbb286cc94bd7d19e2"
fa10-01-39,2010-10-26 23:10:29,1288102200,23,3,"outgoing","6c7cfc4941f28318d2d8860cd9e07f841f01b781"
fa10-01-39,2010-10-27 11:05:27,1288145100,11,4,"missed","c90a90cc716b8c4acca2289d65284264c9420da4"
fa10-01-39,2010-10-27 16:36:18,1288164960,16,4,"outgoing","1aa25b70382c742bf65351704f3b800f05cc4492"
fa10-01-39,2010-10-27 17:16:25,1288167360,17,4,"outgoing","1aa25b70382c742bf65351704f3b800f05cc4492"
fa10-01-39,2010-10-29 17:42:48,1288341720,17,6,"incoming","6c7cfc4941f28318d2d8860cd9e07f841f01b781"
fa10-01-39,2010-10-29 21:47:54,1288356420,21,6,"outgoing","1aa25b70382c742bf65351704f3b800f05cc4492"
fa10-01-39,2010-10-31 21:53:04,1288529580,21,1,"outgoing","1aa25b70382c742bf65351704f3b800f05cc4492"
fa10-01-39,2010-11-02 20:56:07,1288698960,20,3,"outgoing","1aa25b70382c742bf65351704f3b800f05cc4492"
fa10-01-39,2010-11-02 21:33:43,1288701180,21,3,"outgoing","1aa25b70382c742bf65351704f3b800f05cc4492"
fa10-01-39,2010-11-06 12:13:30,1289013180,12,7,"incoming","e8571d7cc7fe398194c6fe02ca8511caa67d3c95"
fa10-01-39,2010-11-07 17:41:00,1289119260,17,1,"outgoing","5e7d01dcf7f2ed3f4da8631aae8c131f78774a13"
fa10-01-39,2010-11-09 19:00:05,1289296800,19,3,"outgoing","6c7cfc4941f28318d2d8860cd9e07f841f01b781"
fa10-01-39,2010-11-09 16:58:42,1289289480,16,3,"incoming","f23a40c117a6b166802a179a9b3426b18b5dab86"
fa10-01-39,2010-11-09 16:21:43,1289287260,16,3,"missed","f23a40c117a6b166802a179a9b3426b18b5dab86"
fa10-01-39,2010-11-11 09:00:22,1289433600,09,5,"outgoing","55f4e188805161d7126b8b4646932988aa2ecd07"
fa10-01-39,2010-11-12 12:21:32,1289532060,12,6,"outgoing","1aa25b70382c742bf65351704f3b800f05cc4492"
fa10-01-39,2010-11-12 12:20:42,1289532000,12,6,"outgoing","1aa25b70382c742bf65351704f3b800f05cc4492"
fa10-01-39,2010-11-12 12:19:25,1289531940,12,6,"outgoing","ecedf6107a78ba7a86d81628bef14079c9bbca2f"
fa10-01-39,2010-11-12 12:17:34,1289531820,12,6,"incoming","1aa25b70382c742bf65351704f3b800f05cc4492"
fa10-01-39,2010-11-14 15:22:16,1289715720,15,1,"incoming","1aa25b70382c742bf65351704f3b800f05cc4492"
fa10-01-39,2010-11-14 15:11:33,1289715060,15,1,"incoming","1aa25b70382c742bf65351704f3b800f05cc4492"
fa10-01-39,2010-11-18 21:58:22,1290085080,21,5,"outgoing","a487c6bc9270038ec9b798e75446a1599b3b85b7"
fa10-01-39,2010-11-18 21:57:12,1290085020,21,5,"outgoing","a487c6bc9270038ec9b798e75446a1599b3b85b7"
fa10-01-39,2010-11-18 21:56:05,1290084960,21,5,"outgoing","a487c6bc9270038ec9b798e75446a1599b3b85b7"
fa10-01-39,2010-11-18 21:34:59,1290083640,21,5,"missed","a487c6bc9270038ec9b798e75446a1599b3b85b7"
fa10-01-39,2010-11-19 19:54:37,1290164040,19,6,"incoming","1aa25b70382c742bf65351704f3b800f05cc4492"
fa10-01-39,2010-11-19 18:36:59,1290159360,18,6,"outgoing","5e7d01dcf7f2ed3f4da8631aae8c131f78774a13"
fa10-01-39,2010-11-19 16:57:28,1290153420,16,6,"outgoing","5e7d01dcf7f2ed3f4da8631aae8c131f78774a13"
fa10-01-39,2010-11-19 20:32:27,1290166320,20,6,"incoming","1aa25b70382c742bf65351704f3b800f05cc4492"
fa10-01-39,2010-11-20 14:06:15,1290229560,14,7,"incoming","71105ee24bdb1f21afd28d8ae0778ff6b97513b9"
fa10-01-39,2010-11-24 10:05:03,1290560700,10,4,"outgoing","eaa49de6d5fcb44b60d71cddd259192985201513"
fa10-01-39,2010-11-24 12:05:49,1290567900,12,4,"outgoing","eaa49de6d5fcb44b60d71cddd259192985201513"
fa10-01-39,2010-11-24 12:04:29,1290567840,12,4,"outgoing","eaa49de6d5fcb44b60d71cddd259192985201513"
fa10-01-39,2010-11-24 13:12:44,1290571920,13,4,"incoming","802d718d04be3b25c8cc4dcca47845a6dc05cfcf"
fa10-01-39,2010-11-24 16:57:41,1290585420,16,4,"outgoing","6c7cfc4941f28318d2d8860cd9e07f841f01b781"
fa10-01-39,2010-11-24 18:23:52,1290590580,18,4,"outgoing","5e7d01dcf7f2ed3f4da8631aae8c131f78774a13"
fa10-01-39,2010-11-24 18:21:34,1290590460,18,4,"incoming","f23a40c117a6b166802a179a9b3426b18b5dab86"
fa10-01-39,2010-11-26 19:29:56,1290767340,19,6,"incoming","6c7cfc4941f28318d2d8860cd9e07f841f01b781"
fa10-01-39,2010-11-26 17:02:35,1290758520,17,6,"incoming","6c7cfc4941f28318d2d8860cd9e07f841f01b781"
fa10-01-39,2010-11-26 17:01:27,1290758460,17,6,"outgoing","6c7cfc4941f28318d2d8860cd9e07f841f01b781"
fa10-01-39,2010-11-26 16:59:47,1290758340,16,6,"outgoing","6c7cfc4941f28318d2d8860cd9e07f841f01b781"
fa10-01-39,2010-11-26 11:48:18,1290739680,11,6,"outgoing","6c7cfc4941f28318d2d8860cd9e07f841f01b781"
fa10-01-39,2010-11-27 11:38:50,1290825480,11,7,"outgoing","6c7cfc4941f28318d2d8860cd9e07f841f01b781"
fa10-01-39,2010-11-27 23:18:59,1290867480,23,7,"outgoing","6c7cfc4941f28318d2d8860cd9e07f841f01b781"
fa10-01-39,2010-11-27 23:15:20,1290867300,23,7,"outgoing","1aa25b70382c742bf65351704f3b800f05cc4492"
fa10-01-39,2010-11-27 22:15:58,1290863700,22,7,"incoming","96deaf932e012c0e912a635b245edba9043ece50"
fa10-01-39,2010-11-27 18:10:16,1290849000,18,7,"outgoing","6c7cfc4941f28318d2d8860cd9e07f841f01b781"
fa10-01-39,2010-11-27 17:34:35,1290846840,17,7,"incoming","6c7cfc4941f28318d2d8860cd9e07f841f01b781"
fa10-01-39,2010-11-27 16:37:12,1290843420,16,7,"incoming","6c7cfc4941f28318d2d8860cd9e07f841f01b781"
fa10-01-39,2010-11-27 16:36:17,1290843360,16,7,"outgoing","6c7cfc4941f28318d2d8860cd9e07f841f01b781"
fa10-01-39,2010-11-27 16:34:48,1290843240,16,7,"outgoing","1aa25b70382c742bf65351704f3b800f05cc4492"
fa10-01-39,2010-11-28 13:38:49,1290919080,13,1,"outgoing","1aa25b70382c742bf65351704f3b800f05cc4492"
fa10-01-39,2010-11-28 16:11:36,1290928260,16,1,"outgoing","1aa25b70382c742bf65351704f3b800f05cc4492"
fa10-01-39,2010-11-29 17:48:47,1291020480,17,2,"outgoing","1aa25b70382c742bf65351704f3b800f05cc4492"
fa10-01-39,2010-11-29 17:48:00,1291020480,17,2,"incoming","1aa25b70382c742bf65351704f3b800f05cc4492"
fa10-01-39,2010-11-29 17:47:37,1291020420,17,2,"missed","1aa25b70382c742bf65351704f3b800f05cc4492"
fa10-01-39,2010-11-29 14:46:36,1291009560,14,2,"outgoing","1aa25b70382c742bf65351704f3b800f05cc4492"
fa10-01-39,2010-11-30 12:36:44,1291088160,12,3,"outgoing","1aa25b70382c742bf65351704f3b800f05cc4492"
fa10-01-39,2010-11-30 12:35:15,1291088100,12,3,"outgoing","1aa25b70382c742bf65351704f3b800f05cc4492"
fa10-01-39,2010-11-30 12:32:17,1291087920,12,3,"missed","1aa25b70382c742bf65351704f3b800f05cc4492"
fa10-01-39,2010-11-30 20:42:16,1291117320,20,3,"missed","7e2e8883f39bd9b8dfcbdfec684a4cb410593886"
fa10-01-39,2010-12-01 12:12:30,1291173120,12,4,"outgoing","6c7cfc4941f28318d2d8860cd9e07f841f01b781"
fa10-01-39,2010-12-02 22:52:06,1291297920,22,5,"outgoing","6c7cfc4941f28318d2d8860cd9e07f841f01b781"
fa10-01-39,2010-12-03 16:47:26,1291362420,16,6,"outgoing","f23a40c117a6b166802a179a9b3426b18b5dab86"
fa10-01-39,2010-12-04 22:08:59,1291468080,22,7,"incoming","1aa25b70382c742bf65351704f3b800f05cc4492"
fa10-01-39,2010-12-05 22:26:10,1291555560,22,1,"incoming","1aa25b70382c742bf65351704f3b800f05cc4492"
fa10-01-39,2010-12-06 16:39:17,1291621140,16,2,"outgoing","6c7cfc4941f28318d2d8860cd9e07f841f01b781"
fa10-01-39,2010-12-06 17:49:08,1291625340,17,2,"outgoing","6c7cfc4941f28318d2d8860cd9e07f841f01b781"
fa10-01-39,2010-12-07 16:02:28,1291705320,16,3,"incoming","6c7cfc4941f28318d2d8860cd9e07f841f01b781"
fa10-01-39,2010-12-07 23:18:21,1291731480,23,3,"incoming","6c7cfc4941f28318d2d8860cd9e07f841f01b781"
fa10-01-39,2010-12-08 00:58:31,1291737480,00,4,"incoming","6c7cfc4941f28318d2d8860cd9e07f841f01b781"
fa10-01-39,2010-12-10 20:59:08,1291982340,20,6,"outgoing","eaa49de6d5fcb44b60d71cddd259192985201513"
fa10-01-39,2010-12-11 12:48:52,1292039280,12,7,"missed","1aa25b70382c742bf65351704f3b800f05cc4492"
fa10-01-39,2010-12-11 23:45:05,1292078700,23,7,"outgoing","7e2e8883f39bd9b8dfcbdfec684a4cb410593886"
fa10-01-39,2010-12-11 23:44:35,1292078640,23,7,"missed","7e2e8883f39bd9b8dfcbdfec684a4cb410593886"
fa10-01-39,2010-12-12 16:25:20,1292138700,16,1,"outgoing","5e7d01dcf7f2ed3f4da8631aae8c131f78774a13"
fa10-01-39,2010-12-12 19:52:16,1292151120,19,1,"outgoing","5e7d01dcf7f2ed3f4da8631aae8c131f78774a13"
fa10-01-39,2010-12-12 23:56:07,1292165760,23,1,"outgoing","1aa25b70382c742bf65351704f3b800f05cc4492"
fa10-01-39,2010-12-13 00:03:35,1292166180,00,2,"incoming","1aa25b70382c742bf65351704f3b800f05cc4492"
fa10-01-39,2010-12-13 00:01:31,1292166060,00,2,"outgoing","1aa25b70382c742bf65351704f3b800f05cc4492"
fa10-01-39,2010-12-17 11:02:26,1292551320,11,6,"missed","1aa25b70382c742bf65351704f3b800f05cc4492"
fa10-01-39,2010-12-17 11:02:03,1292551320,11,6,"missed","1aa25b70382c742bf65351704f3b800f05cc4492"
fa10-01-39,2010-12-17 11:01:12,1292551260,11,6,"missed","1aa25b70382c742bf65351704f3b800f05cc4492"
fa10-01-39,2010-12-17 11:18:09,1292552280,11,6,"outgoing","1aa25b70382c742bf65351704f3b800f05cc4492"
fa10-01-39,2010-12-17 13:50:27,1292561400,13,6,"outgoing","26acb0d0728a07e5728ac34a0408b10a2ada4213"
fa10-01-39,2010-12-17 18:12:22,1292577120,18,6,"incoming","96deaf932e012c0e912a635b245edba9043ece50"
fa10-01-39,2010-12-17 21:40:36,1292589600,21,6,"incoming","e8571d7cc7fe398194c6fe02ca8511caa67d3c95"
fa10-01-39,2010-12-18 12:48:03,1292644080,12,7,"missed","1aa25b70382c742bf65351704f3b800f05cc4492"
fa10-01-39,2010-12-18 17:44:13,1292661840,17,7,"incoming","a487c6bc9270038ec9b798e75446a1599b3b85b7"
fa10-01-39,2010-12-18 17:43:32,1292661780,17,7,"incoming","a487c6bc9270038ec9b798e75446a1599b3b85b7"
fa10-01-39,2010-12-18 17:39:58,1292661540,17,7,"incoming","1aa25b70382c742bf65351704f3b800f05cc4492"
fa10-01-39,2010-12-18 17:38:58,1292661480,17,7,"outgoing","1aa25b70382c742bf65351704f3b800f05cc4492"
fa10-01-39,2010-12-18 17:36:45,1292661360,17,7,"outgoing","e8571d7cc7fe398194c6fe02ca8511caa67d3c95"
fa10-01-39,2010-12-18 17:33:32,1292661180,17,7,"missed","a487c6bc9270038ec9b798e75446a1599b3b85b7"
fa10-01-39,2010-12-18 17:32:47,1292661120,17,7,"missed","e8571d7cc7fe398194c6fe02ca8511caa67d3c95"
fa10-01-39,2010-12-18 17:28:49,1292660880,17,7,"missed","e8571d7cc7fe398194c6fe02ca8511caa67d3c95"
fa10-01-39,2010-12-18 17:17:05,1292660220,17,7,"missed","e8571d7cc7fe398194c6fe02ca8511caa67d3c95"
fa10-01-39,2010-12-18 17:12:06,1292659920,17,7,"missed","e8571d7cc7fe398194c6fe02ca8511caa67d3c95"
fa10-01-39,2010-12-18 17:06:34,1292659560,17,7,"missed","e8571d7cc7fe398194c6fe02ca8511caa67d3c95"
fa10-01-39,2010-12-18 17:02:10,1292659320,17,7,"missed","e8571d7cc7fe398194c6fe02ca8511caa67d3c95"
fa10-01-39,2010-12-18 16:45:40,1292658300,16,7,"missed","e8571d7cc7fe398194c6fe02ca8511caa67d3c95"
fa10-01-39,2010-12-18 16:39:28,1292657940,16,7,"missed","e8571d7cc7fe398194c6fe02ca8511caa67d3c95"
fa10-01-39,2010-12-18 16:21:06,1292656860,16,7,"missed","e8571d7cc7fe398194c6fe02ca8511caa67d3c95"
fa10-01-39,2010-12-18 16:19:29,1292656740,16,7,"missed","e8571d7cc7fe398194c6fe02ca8511caa67d3c95"
fa10-01-39,2010-12-18 16:18:26,1292656680,16,7,"missed","e8571d7cc7fe398194c6fe02ca8511caa67d3c95"
fa10-01-39,2010-12-18 20:49:03,1292672940,20,7,"outgoing","1aa25b70382c742bf65351704f3b800f05cc4492"
fa10-01-39,2010-12-20 15:08:30,1292825280,15,2,"missed","3ae2a5d5ff270547a56f51b5ba0ea0283b92cb2d"
fa10-01-39,2010-12-21 10:58:25,1292896680,10,3,"incoming","6c7cfc4941f28318d2d8860cd9e07f841f01b781"
fa10-01-39,2010-12-21 11:49:53,1292899740,11,3,"incoming","6c7cfc4941f28318d2d8860cd9e07f841f01b781"
fa10-01-39,2010-12-21 11:37:44,1292899020,11,3,"incoming","6c7cfc4941f28318d2d8860cd9e07f841f01b781"
fa10-01-39,2010-12-21 12:18:04,1292901480,12,3,"outgoing","6c7cfc4941f28318d2d8860cd9e07f841f01b781"
fa10-01-39,2010-12-21 12:06:55,1292900760,12,3,"incoming","c86c8638f625886af63f67022160543c00f018f3"
fa10-01-39,2010-12-21 12:47:15,1292903220,12,3,"incoming","6c7cfc4941f28318d2d8860cd9e07f841f01b781"
fa10-01-39,2010-12-21 14:53:35,1292910780,14,3,"outgoing","6c7cfc4941f28318d2d8860cd9e07f841f01b781"
fa10-01-39,2010-12-21 15:18:14,1292912280,15,3,"incoming","6c7cfc4941f28318d2d8860cd9e07f841f01b781"
fa10-01-39,2010-12-21 20:35:22,1292931300,20,3,"incoming","6c7cfc4941f28318d2d8860cd9e07f841f01b781"
fa10-01-39,2010-12-21 21:48:39,1292935680,21,3,"incoming","6c7cfc4941f28318d2d8860cd9e07f841f01b781"
fa10-01-39,2010-12-21 23:52:29,1292943120,23,3,"incoming","6c7cfc4941f28318d2d8860cd9e07f841f01b781"
fa10-01-39,2010-12-22 00:02:30,1292943720,00,4,"outgoing","6c7cfc4941f28318d2d8860cd9e07f841f01b781"
fa10-01-39,2010-12-22 00:01:18,1292943660,00,4,"outgoing","6c7cfc4941f28318d2d8860cd9e07f841f01b781"
fa10-01-39,2010-12-22 00:00:37,1292943600,00,4,"outgoing","6c7cfc4941f28318d2d8860cd9e07f841f01b781"
fa10-01-39,2010-12-22 12:51:50,1292989860,12,4,"outgoing","eaa49de6d5fcb44b60d71cddd259192985201513"
fa10-01-39,2010-12-22 14:50:40,1292997000,14,4,"outgoing","eaa49de6d5fcb44b60d71cddd259192985201513"
fa10-01-39,2010-12-22 17:41:19,1293007260,17,4,"outgoing","6c7cfc4941f28318d2d8860cd9e07f841f01b781"
fa10-01-39,2010-12-24 15:44:18,1293173040,15,6,"incoming","f23a40c117a6b166802a179a9b3426b18b5dab86"
fa10-01-39,2010-12-25 16:21:59,1293261660,16,7,"outgoing","5e7d01dcf7f2ed3f4da8631aae8c131f78774a13"
fa10-01-39,2010-12-25 16:45:21,1293263100,16,7,"outgoing","1aa25b70382c742bf65351704f3b800f05cc4492"
fa10-01-39,2010-12-25 16:38:23,1293262680,16,7,"outgoing","1aa25b70382c742bf65351704f3b800f05cc4492"
fa10-01-39,2010-12-25 16:38:00,1293262680,16,7,"outgoing","1aa25b70382c742bf65351704f3b800f05cc4492"
fa10-01-39,2010-12-31 13:43:28,1293770580,13,6,"outgoing","5e7d01dcf7f2ed3f4da8631aae8c131f78774a13"
fa10-01-39,2010-12-31 14:36:52,1293773760,14,6,"outgoing","5e7d01dcf7f2ed3f4da8631aae8c131f78774a13"
fa10-01-39,2011-01-01 11:35:09,1293849300,11,7,"missed","1aa25b70382c742bf65351704f3b800f05cc4492"
fa10-01-39,2011-01-01 11:33:37,1293849180,11,7,"missed","1aa25b70382c742bf65351704f3b800f05cc4492"
fa10-01-39,2011-01-01 16:14:34,1293866040,16,7,"incoming","1aa25b70382c742bf65351704f3b800f05cc4492"
fa10-01-39,2011-01-01 16:14:06,1293866040,16,7,"outgoing","f23a40c117a6b166802a179a9b3426b18b5dab86"
fa10-01-39,2011-01-01 16:13:32,1293865980,16,7,"outgoing","1aa25b70382c742bf65351704f3b800f05cc4492"
fa10-01-39,2011-01-01 16:11:57,1293865860,16,7,"outgoing","1aa25b70382c742bf65351704f3b800f05cc4492"
fa10-01-39,2011-01-01 16:10:27,1293865800,16,7,"outgoing","1aa25b70382c742bf65351704f3b800f05cc4492"
fa10-01-39,2011-01-01 16:09:04,1293865740,16,7,"outgoing","1aa25b70382c742bf65351704f3b800f05cc4492"
fa10-01-39,2011-01-01 16:08:25,1293865680,16,7,"outgoing","1aa25b70382c742bf65351704f3b800f05cc4492"
fa10-01-39,2011-01-01 17:20:26,1293870000,17,7,"outgoing","6c7cfc4941f28318d2d8860cd9e07f841f01b781"
fa10-01-39,2011-01-01 16:15:37,1293866100,16,7,"incoming","f23a40c117a6b166802a179a9b3426b18b5dab86"
fa10-01-39,2011-01-01 17:29:12,1293870540,17,7,"outgoing","6c7cfc4941f28318d2d8860cd9e07f841f01b781"
fa10-01-39,2011-01-02 17:38:00,1293957480,17,1,"incoming","d7abdddba105584328f72ee98b1bf064069f4c02"
fa10-01-39,2011-01-09 16:04:26,1294556640,16,1,"outgoing","f23a40c117a6b166802a179a9b3426b18b5dab86"
fa10-01-39,2011-01-09 16:42:45,1294558920,16,1,"outgoing","f23a40c117a6b166802a179a9b3426b18b5dab86"
fa10-01-39,2011-01-10 15:21:38,1294640460,15,2,"incoming","6c7cfc4941f28318d2d8860cd9e07f841f01b781"
fa10-01-39,2011-01-10 15:49:55,1294642140,15,2,"incoming","6c7cfc4941f28318d2d8860cd9e07f841f01b781"
fa10-01-39,2011-01-10 15:38:33,1294641480,15,2,"outgoing","6c7cfc4941f28318d2d8860cd9e07f841f01b781"
fa10-01-39,2011-01-10 16:11:10,1294643460,16,2,"outgoing","6c7cfc4941f28318d2d8860cd9e07f841f01b781"
fa10-01-39,2011-01-12 18:03:16,1294822980,18,4,"outgoing","f23a40c117a6b166802a179a9b3426b18b5dab86"
fa10-01-39,2011-01-12 18:02:54,1294822920,18,4,"outgoing","1aa25b70382c742bf65351704f3b800f05cc4492"
fa10-01-39,2011-01-13 09:16:08,1294877760,09,5,"incoming","f23a40c117a6b166802a179a9b3426b18b5dab86"
fa10-01-39,2011-01-13 09:41:12,1294879260,09,5,"incoming","f23a40c117a6b166802a179a9b3426b18b5dab86"
fa10-01-39,2011-01-13 12:15:12,1294888500,12,5,"outgoing","6c7cfc4941f28318d2d8860cd9e07f841f01b781"
fa10-01-39,2011-01-13 12:14:33,1294888440,12,5,"outgoing","6c7cfc4941f28318d2d8860cd9e07f841f01b781"
fa10-01-39,2011-01-13 12:14:01,1294888440,12,5,"outgoing","6c7cfc4941f28318d2d8860cd9e07f841f01b781"
fa10-01-39,2011-01-13 12:13:36,1294888380,12,5,"outgoing","6c7cfc4941f28318d2d8860cd9e07f841f01b781"
fa10-01-39,2011-01-13 14:31:56,1294896660,14,5,"incoming","f23a40c117a6b166802a179a9b3426b18b5dab86"
fa10-01-39,2011-01-13 15:26:39,1294899960,15,5,"incoming","f23a40c117a6b166802a179a9b3426b18b5dab86"
fa10-01-39,2011-01-13 18:15:55,1294910100,18,5,"outgoing","c0bf7e98591f0512eef73cbd8b0a4c27d1b722df"
fa10-01-39,2011-01-13 18:38:07,1294911480,18,5,"outgoing","c0bf7e98591f0512eef73cbd8b0a4c27d1b722df"
fa10-01-39,2011-01-14 09:10:55,1294963800,09,6,"outgoing","c0bf7e98591f0512eef73cbd8b0a4c27d1b722df"
fa10-01-39,2011-01-14 12:07:59,1294974420,12,6,"incoming","f23a40c117a6b166802a179a9b3426b18b5dab86"
fa10-01-39,2011-01-14 15:41:14,1294987260,15,6,"incoming","356a192b7913b04c54574d18c28d46e6395428ab"
fa10-01-39,2011-01-14 18:11:14,1294996260,18,6,"outgoing","1aa25b70382c742bf65351704f3b800f05cc4492"
fa10-01-39,2011-01-14 18:35:30,1294997700,18,6,"outgoing","6c7cfc4941f28318d2d8860cd9e07f841f01b781"
fa10-01-39,2011-01-14 18:29:16,1294997340,18,6,"outgoing","f23a40c117a6b166802a179a9b3426b18b5dab86"
fa10-01-39,2011-01-14 18:42:55,1294998120,18,6,"missed","6c7cfc4941f28318d2d8860cd9e07f841f01b781"
fa10-01-39,2011-01-15 21:52:50,1295095920,21,7,"incoming","7b02dcb0c847cded92d07c52844b20e30a1b3824"
fa10-01-39,2011-01-18 15:14:58,1295331240,15,3,"outgoing","f23a40c117a6b166802a179a9b3426b18b5dab86"
fa10-01-39,2011-01-18 15:24:04,1295331840,15,3,"incoming","f23a40c117a6b166802a179a9b3426b18b5dab86"
fa10-01-39,2011-01-18 16:23:07,1295335380,16,3,"outgoing","1aa25b70382c742bf65351704f3b800f05cc4492"
fa10-01-39,2011-01-18 18:29:00,1295342940,18,3,"incoming","1aa25b70382c742bf65351704f3b800f05cc4492"
fa10-01-39,2011-01-18 18:23:09,1295342580,18,3,"incoming","1aa25b70382c742bf65351704f3b800f05cc4492"
fa10-01-39,2011-01-18 18:22:45,1295342520,18,3,"outgoing","1aa25b70382c742bf65351704f3b800f05cc4492"
fa10-01-39,2011-01-18 18:11:35,1295341860,18,3,"outgoing","f23a40c117a6b166802a179a9b3426b18b5dab86"
fa10-01-39,2011-01-18 23:24:31,1295360640,23,3,"incoming","1155a0144fc73bfb90ad35a4692b1a42beb9e181"
fa10-01-39,2011-01-19 14:36:22,1295415360,14,4,"incoming","6c7cfc4941f28318d2d8860cd9e07f841f01b781"
fa10-01-39,2011-01-19 17:17:39,1295425020,17,4,"outgoing","6c7cfc4941f28318d2d8860cd9e07f841f01b781"
fa10-01-39,2011-01-19 17:08:44,1295424480,17,4,"outgoing","6c7cfc4941f28318d2d8860cd9e07f841f01b781"
fa10-01-39,2011-01-19 17:03:36,1295424180,17,4,"outgoing","6c7cfc4941f28318d2d8860cd9e07f841f01b781"
fa10-01-39,2011-01-19 19:09:45,1295431740,19,4,"outgoing","1aa25b70382c742bf65351704f3b800f05cc4492"
fa10-01-39,2011-01-19 19:51:41,1295434260,19,4,"outgoing","1aa25b70382c742bf65351704f3b800f05cc4492"
fa10-01-39,2011-01-19 20:21:31,1295436060,20,4,"outgoing","1aa25b70382c742bf65351704f3b800f05cc4492"
fa10-01-39,2011-01-19 20:19:42,1295435940,20,4,"missed","1aa25b70382c742bf65351704f3b800f05cc4492"
fa10-01-39,2011-01-19 20:18:58,1295435880,20,4,"missed","1aa25b70382c742bf65351704f3b800f05cc4492"
fa10-01-39,2011-01-19 20:18:06,1295435880,20,4,"missed","1aa25b70382c742bf65351704f3b800f05cc4492"
fa10-01-39,2011-01-21 18:04:20,1295600640,18,6,"outgoing","5e7d01dcf7f2ed3f4da8631aae8c131f78774a13"
fa10-01-39,2011-01-21 18:52:49,1295603520,18,6,"incoming","5e7d01dcf7f2ed3f4da8631aae8c131f78774a13"
fa10-01-39,2011-01-25 17:39:45,1295944740,17,3,"outgoing","6c7cfc4941f28318d2d8860cd9e07f841f01b781"
fa10-01-39,2011-01-25 17:31:44,1295944260,17,3,"outgoing","6c7cfc4941f28318d2d8860cd9e07f841f01b781"
fa10-01-39,2011-01-25 17:30:25,1295944200,17,3,"outgoing","f23a40c117a6b166802a179a9b3426b18b5dab86"
fa10-01-39,2011-01-25 18:16:59,1295946960,18,3,"missed","f23a40c117a6b166802a179a9b3426b18b5dab86"
fa10-01-39,2011-01-25 18:14:21,1295946840,18,3,"missed","f23a40c117a6b166802a179a9b3426b18b5dab86"
fa10-01-39,2011-01-27 17:07:50,1296115620,17,5,"outgoing","f23a40c117a6b166802a179a9b3426b18b5dab86"
fa10-01-39,2011-01-27 17:07:34,1296115620,17,5,"outgoing","f23a40c117a6b166802a179a9b3426b18b5dab86"
fa10-01-39,2011-01-27 17:06:21,1296115560,17,5,"missed","f23a40c117a6b166802a179a9b3426b18b5dab86"
fa10-01-39,2011-01-27 17:05:18,1296115500,17,5,"outgoing","f23a40c117a6b166802a179a9b3426b18b5dab86"
fa10-01-39,2011-01-27 17:29:08,1296116940,17,5,"incoming","f23a40c117a6b166802a179a9b3426b18b5dab86"
fa10-01-39,2011-01-28 13:02:42,1296187320,13,6,"incoming","1aa25b70382c742bf65351704f3b800f05cc4492"
fa10-01-39,2011-01-29 17:04:33,1296288240,17,7,"outgoing","6c7cfc4941f28318d2d8860cd9e07f841f01b781"
fa10-01-39,2011-01-29 17:14:04,1296288840,17,7,"outgoing","6c7cfc4941f28318d2d8860cd9e07f841f01b781"
fa10-01-39,2011-01-30 13:55:35,1296363300,13,1,"outgoing","1aa25b70382c742bf65351704f3b800f05cc4492"
fa10-01-39,2011-01-30 13:48:58,1296362880,13,1,"outgoing","1aa25b70382c742bf65351704f3b800f05cc4492"
fa10-01-39,2011-01-30 13:59:57,1296363540,13,1,"incoming","1aa25b70382c742bf65351704f3b800f05cc4492"
fa10-01-39,2011-01-31 16:37:40,1296459420,16,2,"outgoing","1aa25b70382c742bf65351704f3b800f05cc4492"
fa10-01-39,2011-01-31 16:36:44,1296459360,16,2,"outgoing","d7abdddba105584328f72ee98b1bf064069f4c02"
fa10-01-39,2011-01-31 16:35:43,1296459300,16,2,"outgoing","d7abdddba105584328f72ee98b1bf064069f4c02"
fa10-01-39,2011-01-31 16:34:41,1296459240,16,2,"outgoing","1aa25b70382c742bf65351704f3b800f05cc4492"
fa10-01-39,2011-01-31 16:34:13,1296459240,16,2,"outgoing","1aa25b70382c742bf65351704f3b800f05cc4492"
fa10-01-39,2011-01-31 16:33:47,1296459180,16,2,"outgoing","1aa25b70382c742bf65351704f3b800f05cc4492"
fa10-01-39,2011-01-31 16:40:35,1296459600,16,2,"incoming","1aa25b70382c742bf65351704f3b800f05cc4492"
fa10-01-39,2011-02-01 17:21:05,1296548460,17,3,"outgoing","6c7cfc4941f28318d2d8860cd9e07f841f01b781"
fa10-01-39,2011-02-01 18:08:42,1296551280,18,3,"outgoing","1aa25b70382c742bf65351704f3b800f05cc4492"
fa10-01-39,2011-02-01 18:07:47,1296551220,18,3,"outgoing","6c7cfc4941f28318d2d8860cd9e07f841f01b781"
fa10-01-39,2011-02-01 17:53:22,1296550380,17,3,"outgoing","6c7cfc4941f28318d2d8860cd9e07f841f01b781"
fa10-01-39,2011-02-01 19:28:19,1296556080,19,3,"incoming","5e7d01dcf7f2ed3f4da8631aae8c131f78774a13"
fa10-01-39,2011-02-01 18:42:23,1296553320,18,3,"outgoing","6c7cfc4941f28318d2d8860cd9e07f841f01b781"
fa10-01-39,2011-02-01 18:24:17,1296552240,18,3,"outgoing","f23a40c117a6b166802a179a9b3426b18b5dab86"
fa10-01-39,2011-02-01 18:21:15,1296552060,18,3,"outgoing","5e7d01dcf7f2ed3f4da8631aae8c131f78774a13"
fa10-01-39,2011-02-02 10:55:51,1296611700,10,4,"outgoing","5e7d01dcf7f2ed3f4da8631aae8c131f78774a13"
fa10-01-39,2011-02-02 10:55:35,1296611700,10,4,"outgoing","6c7cfc4941f28318d2d8860cd9e07f841f01b781"
fa10-01-39,2011-02-02 16:59:26,1296633540,16,4,"outgoing","5e7d01dcf7f2ed3f4da8631aae8c131f78774a13"
fa10-01-39,2011-02-02 17:09:43,1296634140,17,4,"incoming","6c7cfc4941f28318d2d8860cd9e07f841f01b781"
fa10-01-39,2011-02-02 17:09:00,1296634140,17,4,"missed","6c7cfc4941f28318d2d8860cd9e07f841f01b781"
fa10-01-39,2011-02-02 17:35:48,1296635700,17,4,"incoming","6c7cfc4941f28318d2d8860cd9e07f841f01b781"
fa10-01-39,2011-02-02 17:34:12,1296635640,17,4,"incoming","6c7cfc4941f28318d2d8860cd9e07f841f01b781"
fa10-01-39,2011-02-02 18:10:43,1296637800,18,4,"outgoing","6c7cfc4941f28318d2d8860cd9e07f841f01b781"
fa10-01-39,2011-02-04 17:42:38,1296808920,17,6,"outgoing","f23a40c117a6b166802a179a9b3426b18b5dab86"
fa10-01-39,2011-02-04 18:02:09,1296810120,18,6,"outgoing","6c7cfc4941f28318d2d8860cd9e07f841f01b781"
fa10-01-39,2011-02-04 18:13:16,1296810780,18,6,"outgoing","6c7cfc4941f28318d2d8860cd9e07f841f01b781"
fa10-01-39,2011-02-04 18:19:21,1296811140,18,6,"incoming","6c7cfc4941f28318d2d8860cd9e07f841f01b781"
fa10-01-39,2011-02-06 19:21:37,1296987660,19,1,"incoming","baac367527e6b96366f559827f391dee18006766"
fa10-01-39,2011-02-07 16:05:20,1297062300,16,2,"missed","d7abdddba105584328f72ee98b1bf064069f4c02"
fa10-01-39,2011-02-07 16:04:39,1297062240,16,2,"missed","d7abdddba105584328f72ee98b1bf064069f4c02"
fa10-01-39,2011-02-07 16:36:05,1297064160,16,2,"incoming","1aa25b70382c742bf65351704f3b800f05cc4492"
fa10-01-39,2011-02-07 16:31:35,1297063860,16,2,"outgoing","d7abdddba105584328f72ee98b1bf064069f4c02"
fa10-01-39,2011-02-07 16:40:38,1297064400,16,2,"outgoing","d7abdddba105584328f72ee98b1bf064069f4c02"
fa10-01-39,2011-02-07 16:53:56,1297065180,16,2,"outgoing","6c7cfc4941f28318d2d8860cd9e07f841f01b781"
fa10-01-39,2011-02-09 18:29:04,1297243740,18,4,"incoming","96deaf932e012c0e912a635b245edba9043ece50"
fa10-01-39,2011-02-09 18:50:09,1297245000,18,4,"incoming","96deaf932e012c0e912a635b245edba9043ece50"
fa10-01-39,2011-02-10 13:49:50,1297313340,13,5,"incoming","c3d278e6640bf7181bd70ccc9b1e71a23a62a633"
fa10-01-39,2011-02-11 17:49:52,1297414140,17,6,"outgoing","6c7cfc4941f28318d2d8860cd9e07f841f01b781"
fa10-01-39,2011-02-14 18:05:02,1297674300,18,2,"incoming","f23a40c117a6b166802a179a9b3426b18b5dab86"
fa10-01-39,2011-02-14 18:04:17,1297674240,18,2,"incoming","f23a40c117a6b166802a179a9b3426b18b5dab86"
fa10-01-39,2011-02-14 17:00:27,1297670400,17,2,"outgoing","f23a40c117a6b166802a179a9b3426b18b5dab86"
fa10-01-39,2011-02-16 13:45:44,1297831500,13,4,"outgoing","6c7cfc4941f28318d2d8860cd9e07f841f01b781"
fa10-01-39,2011-02-16 13:43:36,1297831380,13,4,"incoming","6c7cfc4941f28318d2d8860cd9e07f841f01b781"
fa10-01-39,2011-02-16 14:32:53,1297834320,14,4,"outgoing","6c7cfc4941f28318d2d8860cd9e07f841f01b781"
fa10-01-39,2011-02-16 14:40:53,1297834800,14,4,"outgoing","6c7cfc4941f28318d2d8860cd9e07f841f01b781"
fa10-01-39,2011-02-17 18:03:42,1297933380,18,5,"outgoing","1aa25b70382c742bf65351704f3b800f05cc4492"
fa10-01-39,2011-02-18 17:39:14,1298018340,17,6,"incoming","6c7cfc4941f28318d2d8860cd9e07f841f01b781"
fa10-01-39,2011-02-18 18:06:33,1298019960,18,6,"outgoing","6c7cfc4941f28318d2d8860cd9e07f841f01b781"
fa10-01-39,2011-02-18 17:59:05,1298019540,17,6,"outgoing","6c7cfc4941f28318d2d8860cd9e07f841f01b781"
fa10-01-39,2011-02-18 19:32:17,1298025120,19,6,"incoming","5e7d01dcf7f2ed3f4da8631aae8c131f78774a13"
fa10-01-39,2011-02-18 23:50:57,1298040600,23,6,"incoming","7b02dcb0c847cded92d07c52844b20e30a1b3824"
fa10-01-39,2011-02-19 16:48:44,1298101680,16,7,"incoming","1aa25b70382c742bf65351704f3b800f05cc4492"
fa10-01-39,2011-02-19 21:06:32,1298117160,21,7,"outgoing","5e7d01dcf7f2ed3f4da8631aae8c131f78774a13"
fa10-01-39,2011-02-19 21:24:53,1298118240,21,7,"outgoing","5e7d01dcf7f2ed3f4da8631aae8c131f78774a13"
fa10-01-39,2011-02-20 16:57:18,1298188620,16,1,"incoming","d46ad622d0abe98957968c6924dc7c615e9c9d46"
fa10-01-39,2011-02-20 19:15:07,1298196900,19,1,"outgoing","1aa25b70382c742bf65351704f3b800f05cc4492"
fa10-01-39,2011-02-21 11:04:40,1298253840,11,2,"outgoing","1aa25b70382c742bf65351704f3b800f05cc4492"
fa10-01-39,2011-02-21 13:39:26,1298263140,13,2,"outgoing","1aa25b70382c742bf65351704f3b800f05cc4492"
fa10-01-39,2011-02-21 17:07:48,1298275620,17,2,"outgoing","6c7cfc4941f28318d2d8860cd9e07f841f01b781"
fa10-01-39,2011-02-21 20:19:20,1298287140,20,2,"incoming","5e7d01dcf7f2ed3f4da8631aae8c131f78774a13"
fa10-01-39,2011-02-22 13:13:14,1298347980,13,3,"outgoing","6c7cfc4941f28318d2d8860cd9e07f841f01b781"
fa10-01-39,2011-02-22 14:51:18,1298353860,14,3,"outgoing","2685494f38d98d4749df74ef7a86567efcb3ae99"
fa10-01-39,2011-02-22 16:42:25,1298360520,16,3,"outgoing","9bfc1f16c52431dd700bb720ee1aee220a71466f"
fa10-01-39,2011-02-22 17:14:12,1298362440,17,3,"outgoing","103c3f5fec407696f2860fe407a926ccdb04bcdd"
fa10-01-39,2011-02-22 17:04:23,1298361840,17,3,"outgoing","1f3d7893c2558d1d7cad64916d0a037442933be1"
fa10-01-39,2011-02-22 17:04:03,1298361840,17,3,"outgoing","9e6a55b6b4563e652a23be9d623ca5055c356940"
fa10-01-39,2011-02-22 17:27:38,1298363220,17,3,"outgoing","6c7cfc4941f28318d2d8860cd9e07f841f01b781"
fa10-01-39,2011-02-23 18:27:20,1298453220,18,4,"outgoing","6c7cfc4941f28318d2d8860cd9e07f841f01b781"
fa10-01-39,2011-02-23 18:26:18,1298453160,18,4,"outgoing","f23a40c117a6b166802a179a9b3426b18b5dab86"
fa10-01-39,2011-02-23 18:24:59,1298453040,18,4,"outgoing","f23a40c117a6b166802a179a9b3426b18b5dab86"
fa10-01-39,2011-02-23 18:23:15,1298452980,18,4,"incoming","f23a40c117a6b166802a179a9b3426b18b5dab86"
fa10-01-39,2011-02-23 18:20:10,1298452800,18,4,"incoming","f23a40c117a6b166802a179a9b3426b18b5dab86"
fa10-01-39,2011-02-23 19:02:47,1298455320,19,4,"outgoing","5e7d01dcf7f2ed3f4da8631aae8c131f78774a13"
fa10-01-39,2011-02-23 18:35:12,1298453700,18,4,"outgoing","6c7cfc4941f28318d2d8860cd9e07f841f01b781"
fa10-01-39,2011-02-23 18:34:46,1298453640,18,4,"outgoing","f23a40c117a6b166802a179a9b3426b18b5dab86"
fa10-01-39,2011-02-24 15:40:31,1298529600,15,5,"outgoing","373ca1ffde9054978753fe97663e56e42ec2402e"
fa10-01-39,2011-02-24 15:36:13,1298529360,15,5,"outgoing","373ca1ffde9054978753fe97663e56e42ec2402e"
fa10-01-39,2011-02-24 15:35:41,1298529300,15,5,"outgoing","67c8a5fd20c5ef17fad233e457ca7b5269ef4766"
fa10-01-39,2011-02-24 19:48:38,1298544480,19,5,"outgoing","5e7d01dcf7f2ed3f4da8631aae8c131f78774a13"
fa10-01-39,2011-02-26 10:58:01,1298685480,10,7,"incoming","1aa25b70382c742bf65351704f3b800f05cc4492"
fa10-01-39,2011-02-28 13:18:38,1298866680,13,2,"outgoing","8b3726a179550093a72994ffc5221ec726de0408"
fa10-01-39,2011-03-01 15:30:25,1298961000,15,3,"incoming","96deaf932e012c0e912a635b245edba9043ece50"
fa10-01-39,2011-03-01 16:12:25,1298963520,16,3,"incoming","96deaf932e012c0e912a635b245edba9043ece50"
fa10-01-39,2011-03-01 16:08:50,1298963280,16,3,"missed","96deaf932e012c0e912a635b245edba9043ece50"
fa10-01-39,2011-03-01 18:27:05,1298971620,18,3,"missed","6c7cfc4941f28318d2d8860cd9e07f841f01b781"
fa10-01-39,2011-03-01 19:02:56,1298973720,19,3,"missed","6c7cfc4941f28318d2d8860cd9e07f841f01b781"
fa10-01-39,2011-03-01 19:18:07,1298974680,19,3,"outgoing","6c7cfc4941f28318d2d8860cd9e07f841f01b781"
fa10-01-39,2011-03-04 16:44:36,1299224640,16,6,"outgoing","6c7cfc4941f28318d2d8860cd9e07f841f01b781"
fa10-01-39,2011-03-04 16:52:33,1299225120,16,6,"outgoing","6c7cfc4941f28318d2d8860cd9e07f841f01b781"
fa10-01-39,2011-03-04 16:51:35,1299225060,16,6,"outgoing","6c7cfc4941f28318d2d8860cd9e07f841f01b781"
fa10-01-39,2011-03-04 20:06:50,1299236760,20,6,"outgoing","5e7d01dcf7f2ed3f4da8631aae8c131f78774a13"
fa10-01-39,2011-03-04 21:20:48,1299241200,21,6,"missed","baac367527e6b96366f559827f391dee18006766"
fa10-01-39,2011-03-05 20:54:01,1299326040,20,7,"outgoing","eaa49de6d5fcb44b60d71cddd259192985201513"
fa10-01-39,2011-03-06 14:49:23,1299390540,14,1,"outgoing","6c7cfc4941f28318d2d8860cd9e07f841f01b781"
fa10-01-39,2011-03-07 08:46:33,1299455160,08,2,"missed","f3db5fcec7c47aad66a3a6caa3f37d67673f1374"
fa10-01-39,2011-03-07 11:20:01,1299464400,11,2,"outgoing","eaa49de6d5fcb44b60d71cddd259192985201513"
fa10-01-39,2011-03-07 13:27:00,1299472020,13,2,"missed","5e7d01dcf7f2ed3f4da8631aae8c131f78774a13"
fa10-01-39,2011-03-07 11:25:35,1299464700,11,2,"outgoing","f3db5fcec7c47aad66a3a6caa3f37d67673f1374"
fa10-01-39,2011-03-07 17:10:50,1299485400,17,2,"outgoing","6c7cfc4941f28318d2d8860cd9e07f841f01b781"
fa10-01-39,2011-03-07 15:11:05,1299478260,15,2,"incoming","5e7d01dcf7f2ed3f4da8631aae8c131f78774a13"
fa10-01-39,2011-03-07 14:24:15,1299475440,14,2,"outgoing","6c7cfc4941f28318d2d8860cd9e07f841f01b781"
fa10-01-39,2011-03-07 14:06:01,1299474360,14,2,"outgoing","5e7d01dcf7f2ed3f4da8631aae8c131f78774a13"
fa10-01-39,2011-03-07 14:04:11,1299474240,14,2,"outgoing","5e7d01dcf7f2ed3f4da8631aae8c131f78774a13"
fa10-01-39,2011-03-08 12:52:35,1299556320,12,3,"outgoing","6c7cfc4941f28318d2d8860cd9e07f841f01b781"
fa10-01-39,2011-03-08 15:06:20,1299564360,15,3,"incoming","6c7cfc4941f28318d2d8860cd9e07f841f01b781"
fa10-01-39,2011-03-08 23:53:02,1299595980,23,3,"incoming","7b02dcb0c847cded92d07c52844b20e30a1b3824"
fa10-01-39,2011-03-10 14:50:36,1299736200,14,5,"incoming","6c7cfc4941f28318d2d8860cd9e07f841f01b781"
fa10-01-39,2011-03-10 15:17:07,1299737820,15,5,"incoming","6c7cfc4941f28318d2d8860cd9e07f841f01b781"
fa10-01-39,2011-03-10 20:46:30,1299757560,20,5,"incoming","19c681ca69187a39a108d21c744040f6f0d1baab"
fa10-01-39,2011-03-10 22:04:12,1299762240,22,5,"outgoing","19c681ca69187a39a108d21c744040f6f0d1baab"
fa10-01-39,2011-03-10 21:46:30,1299761160,21,5,"incoming","6c7cfc4941f28318d2d8860cd9e07f841f01b781"
fa10-01-39,2011-03-11 19:18:42,1299838680,19,6,"incoming","baac367527e6b96366f559827f391dee18006766"
fa10-01-39,2011-03-11 19:17:04,1299838620,19,6,"missed","4f3ea21e0d091ebe2adf51020a3e66224859dac6"
fa10-01-39,2011-03-11 19:16:07,1299838560,19,6,"outgoing","4f3ea21e0d091ebe2adf51020a3e66224859dac6"
fa10-01-39,2011-03-11 19:15:23,1299838500,19,6,"outgoing","baac367527e6b96366f559827f391dee18006766"
fa10-01-39,2011-03-11 18:52:48,1299837120,18,6,"incoming","baac367527e6b96366f559827f391dee18006766"
fa10-01-39,2011-03-11 18:45:02,1299836700,18,6,"outgoing","4f3ea21e0d091ebe2adf51020a3e66224859dac6"
fa10-01-39,2011-03-11 18:44:30,1299836640,18,6,"outgoing","4f3ea21e0d091ebe2adf51020a3e66224859dac6"
fa10-01-39,2011-03-11 18:43:32,1299836580,18,6,"outgoing","5e7d01dcf7f2ed3f4da8631aae8c131f78774a13"
fa10-01-39,2011-03-11 18:42:52,1299836520,18,6,"outgoing","5e7d01dcf7f2ed3f4da8631aae8c131f78774a13"
fa10-01-39,2011-03-11 18:42:29,1299836520,18,6,"outgoing","5e7d01dcf7f2ed3f4da8631aae8c131f78774a13"
fa10-01-39,2011-03-11 18:27:55,1299835620,18,6,"outgoing","19c681ca69187a39a108d21c744040f6f0d1baab"
fa10-01-39,2011-03-11 18:25:54,1299835500,18,6,"outgoing","19c681ca69187a39a108d21c744040f6f0d1baab"
fa10-01-39,2011-03-11 18:25:24,1299835500,18,6,"outgoing","6c7cfc4941f28318d2d8860cd9e07f841f01b781"
fa10-01-39,2011-03-11 17:55:57,1299833700,17,6,"outgoing","6c7cfc4941f28318d2d8860cd9e07f841f01b781"
fa10-01-39,2011-03-11 17:54:38,1299833640,17,6,"outgoing","19c681ca69187a39a108d21c744040f6f0d1baab"
fa10-01-39,2011-03-11 15:02:59,1299823320,15,6,"outgoing","eaa49de6d5fcb44b60d71cddd259192985201513"
fa10-01-39,2011-03-11 14:54:29,1299822840,14,6,"incoming","5e7d01dcf7f2ed3f4da8631aae8c131f78774a13"
fa10-01-39,2011-03-11 14:41:26,1299822060,14,6,"outgoing","19c681ca69187a39a108d21c744040f6f0d1baab"
fa10-01-39,2011-03-11 14:32:14,1299821520,14,6,"missed","19c681ca69187a39a108d21c744040f6f0d1baab"
fa10-01-39,2011-03-11 13:21:18,1299817260,13,6,"missed","19c681ca69187a39a108d21c744040f6f0d1baab"
fa10-01-39,2011-03-11 12:34:35,1299814440,12,6,"missed","5e7d01dcf7f2ed3f4da8631aae8c131f78774a13"
fa10-01-39,2011-03-11 12:31:19,1299814260,12,6,"missed","5e7d01dcf7f2ed3f4da8631aae8c131f78774a13"
fa10-01-39,2011-03-11 09:03:51,1299801780,09,6,"outgoing","17f1152594a1de6e8e03dd3196b6880a8d7e4b94"
fa10-01-39,2011-03-11 09:02:22,1299801720,09,6,"outgoing","17f1152594a1de6e8e03dd3196b6880a8d7e4b94"
fa10-01-39,2011-03-11 09:00:48,1299801600,09,6,"outgoing","17f1152594a1de6e8e03dd3196b6880a8d7e4b94"
fa10-01-39,2011-03-12 17:29:59,1299918540,17,7,"incoming","5e7d01dcf7f2ed3f4da8631aae8c131f78774a13"
fa10-01-39,2011-03-14 14:55:18,1300082100,14,2,"incoming","6c7cfc4941f28318d2d8860cd9e07f841f01b781"
fa10-01-39,2011-03-15 12:59:19,1300161540,12,3,"outgoing","6c7cfc4941f28318d2d8860cd9e07f841f01b781"
fa10-01-39,2011-03-15 19:49:06,1300186140,19,3,"outgoing","f23a40c117a6b166802a179a9b3426b18b5dab86"
fa10-01-39,2011-03-15 19:45:01,1300185900,19,3,"outgoing","f23a40c117a6b166802a179a9b3426b18b5dab86"
fa10-01-39,2011-03-15 15:49:58,1300171740,15,3,"incoming","f23a40c117a6b166802a179a9b3426b18b5dab86"
fa10-01-39,2011-03-15 15:49:08,1300171740,15,3,"incoming","6c7cfc4941f28318d2d8860cd9e07f841f01b781"
fa10-01-39,2011-03-16 10:55:36,1300240500,10,4,"incoming","216fe230000aea962da6998c3bce17ea27d297f5"
fa10-01-39,2011-03-16 08:34:14,1300232040,08,4,"outgoing","17f1152594a1de6e8e03dd3196b6880a8d7e4b94"
fa10-01-39,2011-03-16 08:33:41,1300231980,08,4,"outgoing","17f1152594a1de6e8e03dd3196b6880a8d7e4b94"
fa10-01-39,2011-03-16 08:33:05,1300231980,08,4,"outgoing","17f1152594a1de6e8e03dd3196b6880a8d7e4b94"
fa10-01-39,2011-03-16 07:34:42,1300228440,07,4,"outgoing","17f1152594a1de6e8e03dd3196b6880a8d7e4b94"
fa10-01-39,2011-03-16 17:53:06,1300265580,17,4,"outgoing","1aa25b70382c742bf65351704f3b800f05cc4492"
fa10-01-39,2011-03-17 10:33:16,1300325580,10,5,"incoming","4f3ea21e0d091ebe2adf51020a3e66224859dac6"
fa10-01-39,2011-03-17 15:16:13,1300342560,15,5,"outgoing","5e7d01dcf7f2ed3f4da8631aae8c131f78774a13"
fa10-01-39,2011-03-17 15:15:22,1300342500,15,5,"outgoing","5e7d01dcf7f2ed3f4da8631aae8c131f78774a13"
fa10-01-39,2011-03-17 15:13:19,1300342380,15,5,"outgoing","5e7d01dcf7f2ed3f4da8631aae8c131f78774a13"
fa10-01-39,2011-03-18 12:21:29,1300418460,12,6,"incoming","5e7d01dcf7f2ed3f4da8631aae8c131f78774a13"
fa10-01-39,2011-03-18 15:02:51,1300428120,15,6,"outgoing","1aa25b70382c742bf65351704f3b800f05cc4492"
fa10-01-39,2011-03-18 15:02:11,1300428120,15,6,"incoming","1aa25b70382c742bf65351704f3b800f05cc4492"
fa10-01-39,2011-03-19 16:00:41,1300518000,16,7,"outgoing","f23a40c117a6b166802a179a9b3426b18b5dab86"
fa10-01-39,2011-03-20 12:58:20,1300593480,12,1,"incoming","96deaf932e012c0e912a635b245edba9043ece50"
fa10-01-39,2011-03-22 10:26:55,1300757160,10,3,"missed","216fe230000aea962da6998c3bce17ea27d297f5"
fa10-01-39,2011-03-22 13:20:18,1300767600,13,3,"outgoing","eaa49de6d5fcb44b60d71cddd259192985201513"
fa10-01-39,2011-03-22 14:10:47,1300770600,14,3,"outgoing","216fe230000aea962da6998c3bce17ea27d297f5"
fa10-01-39,2011-03-22 15:21:59,1300774860,15,3,"incoming","6c7cfc4941f28318d2d8860cd9e07f841f01b781"
fa10-01-39,2011-03-23 17:49:48,1300870140,17,4,"outgoing","f23a40c117a6b166802a179a9b3426b18b5dab86"
fa10-01-39,2011-03-23 18:07:16,1300871220,18,4,"incoming","f23a40c117a6b166802a179a9b3426b18b5dab86"
fa10-01-39,2011-03-23 18:34:29,1300872840,18,4,"outgoing","f23a40c117a6b166802a179a9b3426b18b5dab86"
fa10-01-39,2011-03-23 18:31:49,1300872660,18,4,"outgoing","f23a40c117a6b166802a179a9b3426b18b5dab86"
fa10-01-39,2011-03-24 06:11:24,1300914660,06,5,"outgoing","6c7cfc4941f28318d2d8860cd9e07f841f01b781"
fa10-01-39,2011-03-24 17:31:18,1300955460,17,5,"outgoing","1aa25b70382c742bf65351704f3b800f05cc4492"
fa10-01-39,2011-03-24 17:30:24,1300955400,17,5,"outgoing","f23a40c117a6b166802a179a9b3426b18b5dab86"
fa10-01-39,2011-03-24 06:18:05,1300915080,06,5,"outgoing","6c7cfc4941f28318d2d8860cd9e07f841f01b781"
fa10-01-39,2011-03-24 19:16:08,1300961760,19,5,"incoming","f23a40c117a6b166802a179a9b3426b18b5dab86"
fa10-01-39,2011-03-25 17:24:10,1301041440,17,6,"outgoing","f23a40c117a6b166802a179a9b3426b18b5dab86"
fa10-01-39,2011-03-28 15:30:57,1301293800,15,2,"outgoing","26acb0d0728a07e5728ac34a0408b10a2ada4213"
fa10-01-39,2011-03-28 15:29:25,1301293740,15,2,"outgoing","26acb0d0728a07e5728ac34a0408b10a2ada4213"
fa10-01-39,2011-03-28 18:19:31,1301303940,18,2,"outgoing","f23a40c117a6b166802a179a9b3426b18b5dab86"
fa10-01-39,2011-03-28 18:41:51,1301305260,18,2,"incoming","f23a40c117a6b166802a179a9b3426b18b5dab86"
fa10-01-39,2011-03-29 12:05:59,1301367900,12,3,"outgoing","6c7cfc4941f28318d2d8860cd9e07f841f01b781"
fa10-01-39,2011-03-29 13:53:33,1301374380,13,3,"outgoing","6c7cfc4941f28318d2d8860cd9e07f841f01b781"
fa10-01-39,2011-03-29 22:46:40,1301406360,22,3,"missed","6c7cfc4941f28318d2d8860cd9e07f841f01b781"
fa10-01-39,2011-03-30 19:19:48,1301480340,19,4,"outgoing","96deaf932e012c0e912a635b245edba9043ece50"
fa10-01-39,2011-03-30 19:48:14,1301482080,19,4,"outgoing","96deaf932e012c0e912a635b245edba9043ece50"
fa10-01-39,2011-03-30 20:16:14,1301483760,20,4,"incoming","96deaf932e012c0e912a635b245edba9043ece50"
fa10-01-39,2011-03-31 18:04:26,1301562240,18,5,"incoming","1aa25b70382c742bf65351704f3b800f05cc4492"
fa10-01-39,2011-03-31 18:03:42,1301562180,18,5,"outgoing","1aa25b70382c742bf65351704f3b800f05cc4492"
fa10-01-39,2011-03-31 18:02:56,1301562120,18,5,"outgoing","1aa25b70382c742bf65351704f3b800f05cc4492"
fa10-01-39,2011-03-31 18:02:31,1301562120,18,5,"incoming","5e7d01dcf7f2ed3f4da8631aae8c131f78774a13"
fa10-01-39,2011-03-31 18:02:01,1301562120,18,5,"outgoing","1aa25b70382c742bf65351704f3b800f05cc4492"
fa10-01-39,2011-03-31 18:01:20,1301562060,18,5,"incoming","f23a40c117a6b166802a179a9b3426b18b5dab86"
fa10-01-39,2011-03-31 17:58:17,1301561880,17,5,"outgoing","f23a40c117a6b166802a179a9b3426b18b5dab86"
fa10-01-39,2011-03-31 17:56:14,1301561760,17,5,"outgoing","5e7d01dcf7f2ed3f4da8631aae8c131f78774a13"
fa10-01-39,2011-04-01 12:59:46,1301630340,12,6,"outgoing","a77fd08c9a51909e225d872650e2b3f11a8543e4"
fa10-01-39,2011-04-01 14:28:27,1301635680,14,6,"incoming","216fe230000aea962da6998c3bce17ea27d297f5"
fa10-01-39,2011-04-01 18:39:31,1301650740,18,6,"incoming","6c7cfc4941f28318d2d8860cd9e07f841f01b781"
fa10-01-39,2011-04-01 18:35:43,1301650500,18,6,"outgoing","6c7cfc4941f28318d2d8860cd9e07f841f01b781"
fa10-01-39,2011-04-01 18:35:19,1301650500,18,6,"incoming","6c7cfc4941f28318d2d8860cd9e07f841f01b781"
fa10-01-39,2011-04-04 14:54:58,1301896440,14,2,"outgoing","216fe230000aea962da6998c3bce17ea27d297f5"
fa10-01-39,2011-04-04 15:08:28,1301897280,15,2,"outgoing","216fe230000aea962da6998c3bce17ea27d297f5"
fa10-01-39,2011-04-04 16:35:22,1301902500,16,2,"outgoing","ea18713e50bd812ff8967d44739c58ccbdf1e4ce"
fa10-01-39,2011-04-04 18:24:35,1301909040,18,2,"outgoing","6c7cfc4941f28318d2d8860cd9e07f841f01b781"
fa10-01-39,2011-04-06 19:52:10,1302087120,19,4,"outgoing","6c7cfc4941f28318d2d8860cd9e07f841f01b781"
fa10-01-39,2011-04-07 21:44:36,1302180240,21,5,"outgoing","6c7cfc4941f28318d2d8860cd9e07f841f01b781"
fa10-01-39,2011-04-08 11:03:40,1302228180,11,6,"missed","216fe230000aea962da6998c3bce17ea27d297f5"
fa10-01-39,2011-04-08 11:01:25,1302228060,11,6,"missed","216fe230000aea962da6998c3bce17ea27d297f5"
fa10-01-39,2011-04-08 12:34:37,1302233640,12,6,"outgoing","ea18713e50bd812ff8967d44739c58ccbdf1e4ce"
fa10-01-39,2011-04-08 12:30:03,1302233400,12,6,"outgoing","216fe230000aea962da6998c3bce17ea27d297f5"
fa10-01-39,2011-04-08 18:16:42,1302254160,18,6,"incoming","96deaf932e012c0e912a635b245edba9043ece50"
fa10-01-39,2011-04-08 18:16:07,1302254160,18,6,"incoming","96deaf932e012c0e912a635b245edba9043ece50"
fa10-01-39,2011-04-08 19:06:26,1302257160,19,6,"outgoing","26acb0d0728a07e5728ac34a0408b10a2ada4213"
fa10-01-39,2011-04-08 19:04:55,1302257040,19,6,"outgoing","6c7cfc4941f28318d2d8860cd9e07f841f01b781"
fa10-01-39,2011-04-08 19:59:01,1302260340,19,6,"outgoing","26acb0d0728a07e5728ac34a0408b10a2ada4213"
fa10-01-39,2011-04-08 20:26:47,1302261960,20,6,"outgoing","26acb0d0728a07e5728ac34a0408b10a2ada4213"
fa10-01-39,2011-04-09 11:55:56,1302317700,11,7,"incoming","96deaf932e012c0e912a635b245edba9043ece50"
fa10-01-39,2011-04-09 11:49:37,1302317340,11,7,"outgoing","6c7cfc4941f28318d2d8860cd9e07f841f01b781"
fa10-01-39,2011-04-09 11:49:25,1302317340,11,7,"outgoing","eaa49de6d5fcb44b60d71cddd259192985201513"
fa10-01-39,2011-04-09 12:13:55,1302318780,12,7,"outgoing","26acb0d0728a07e5728ac34a0408b10a2ada4213"
fa10-01-39,2011-04-09 12:12:49,1302318720,12,7,"outgoing","96deaf932e012c0e912a635b245edba9043ece50"
fa10-01-39,2011-04-09 12:51:30,1302321060,12,7,"outgoing","96deaf932e012c0e912a635b245edba9043ece50"
fa10-01-39,2011-04-10 02:09:40,1302368940,02,1,"outgoing","eaa49de6d5fcb44b60d71cddd259192985201513"
fa10-01-39,2011-04-11 07:19:51,1302473940,07,2,"incoming","5e7d01dcf7f2ed3f4da8631aae8c131f78774a13"
fa10-01-39,2011-04-11 07:17:18,1302473820,07,2,"outgoing","6c7cfc4941f28318d2d8860cd9e07f841f01b781"
fa10-01-39,2011-04-11 06:54:34,1302472440,06,2,"outgoing","6c7cfc4941f28318d2d8860cd9e07f841f01b781"
fa10-01-39,2011-04-11 19:08:48,1302516480,19,2,"outgoing","eaa49de6d5fcb44b60d71cddd259192985201513"
fa10-01-39,2011-04-11 11:14:27,1302488040,11,2,"incoming","6c7cfc4941f28318d2d8860cd9e07f841f01b781"
fa10-01-39,2011-04-11 10:34:27,1302485640,10,2,"outgoing","6c7cfc4941f28318d2d8860cd9e07f841f01b781"
fa10-01-39,2011-04-11 10:21:45,1302484860,10,2,"outgoing","6c7cfc4941f28318d2d8860cd9e07f841f01b781"
fa10-01-39,2011-04-12 16:17:30,1302592620,16,3,"outgoing","f863e09c46a622f624a29e1651bb9961562dd02"
fa10-01-39,2011-04-12 15:35:20,1302590100,15,3,"incoming","b59e36cb3b0f735f1d2c62fcfb2ef1b98524a40c"
fa10-01-39,2011-04-12 12:00:59,1302577200,12,3,"outgoing","eaa49de6d5fcb44b60d71cddd259192985201513"
fa10-01-39,2011-04-14 16:27:25,1302766020,16,5,"outgoing","ef35e2a42b8ac8d6921fc72b6074015acf77413"
fa10-01-39,2011-04-14 17:32:08,1302769920,17,5,"outgoing","4d75b4aa7e6584e3ded7a49a56e1005f05fa3403"
fa10-01-39,2011-04-15 17:40:10,1302856800,17,6,"incoming","1aa25b70382c742bf65351704f3b800f05cc4492"
fa10-01-39,2011-04-15 21:00:18,1302868800,21,6,"outgoing","1aa25b70382c742bf65351704f3b800f05cc4492"
fa10-01-39,2011-04-15 21:10:54,1302869400,21,6,"incoming","f863e09c46a622f624a29e1651bb9961562dd02"
fa10-01-39,2011-04-15 23:52:18,1302879120,23,6,"outgoing","f863e09c46a622f624a29e1651bb9961562dd02"
fa10-01-39,2011-04-16 13:14:16,1302927240,13,7,"outgoing","e221dda3215bd13a5fb82e4c5861f3d485f8c695"
fa10-01-39,2011-04-16 18:45:01,1302947100,18,7,"incoming","baac367527e6b96366f559827f391dee18006766"
fa10-01-39,2011-04-17 20:27:33,1303039620,20,1,"outgoing","1aa25b70382c742bf65351704f3b800f05cc4492"
fa10-01-39,2011-04-17 20:22:37,1303039320,20,1,"outgoing","1aa25b70382c742bf65351704f3b800f05cc4492"
fa10-01-39,2011-04-17 19:19:25,1303035540,19,1,"outgoing","f23a40c117a6b166802a179a9b3426b18b5dab86"
fa10-01-39,2011-04-17 19:01:50,1303034460,19,1,"outgoing","f23a40c117a6b166802a179a9b3426b18b5dab86"
fa10-01-39,2011-04-17 18:45:59,1303033500,18,1,"incoming","f23a40c117a6b166802a179a9b3426b18b5dab86"
fa10-01-39,2011-04-19 20:16:20,1303211760,20,3,"incoming","f23a40c117a6b166802a179a9b3426b18b5dab86"
fa10-01-39,2011-04-19 18:26:24,1303205160,18,3,"outgoing","f23a40c117a6b166802a179a9b3426b18b5dab86"
fa10-01-39,2011-04-20 19:09:38,1303294140,19,4,"outgoing","f23a40c117a6b166802a179a9b3426b18b5dab86"
fa10-01-39,2011-04-20 19:08:39,1303294080,19,4,"outgoing","1aa25b70382c742bf65351704f3b800f05cc4492"
fa10-01-39,2011-04-21 18:25:26,1303377900,18,5,"incoming","f23a40c117a6b166802a179a9b3426b18b5dab86"
fa10-01-39,2011-04-21 18:19:55,1303377540,18,5,"incoming","f23a40c117a6b166802a179a9b3426b18b5dab86"
fa10-01-39,2011-04-21 17:31:38,1303374660,17,5,"outgoing","f23a40c117a6b166802a179a9b3426b18b5dab86"
fa10-01-39,2011-04-21 17:26:19,1303374360,17,5,"outgoing","f23a40c117a6b166802a179a9b3426b18b5dab86"
fa10-01-39,2011-04-21 17:25:40,1303374300,17,5,"outgoing","f23a40c117a6b166802a179a9b3426b18b5dab86"
fa10-01-39,2011-04-23 12:22:15,1303528920,12,7,"incoming","baac367527e6b96366f559827f391dee18006766"
fa10-01-39,2011-04-23 13:13:00,1303531980,13,7,"incoming","baac367527e6b96366f559827f391dee18006766"
fa10-01-39,2011-04-23 13:09:25,1303531740,13,7,"outgoing","baac367527e6b96366f559827f391dee18006766"
fa10-01-39,2011-04-23 16:07:44,1303542420,16,7,"outgoing","1aa25b70382c742bf65351704f3b800f05cc4492"
fa10-01-39,2011-04-23 15:41:33,1303540860,15,7,"outgoing","1aa25b70382c742bf65351704f3b800f05cc4492"
fa10-01-39,2011-04-24 18:50:35,1303638600,18,1,"outgoing","a6b9fb7b249018732eb06d9be63a6fe0e95cfc3"
fa10-01-39,2011-04-24 18:46:52,1303638360,18,1,"outgoing","1aa25b70382c742bf65351704f3b800f05cc4492"
fa10-01-39,2011-04-24 19:08:47,1303639680,19,1,"outgoing","d46ad622d0abe98957968c6924dc7c615e9c9d46"
fa10-01-39,2011-04-24 19:06:56,1303639560,19,1,"outgoing","1aa25b70382c742bf65351704f3b800f05cc4492"
fa10-01-39,2011-04-24 19:04:24,1303639440,19,1,"incoming","a6b9fb7b249018732eb06d9be63a6fe0e95cfc3"
fa10-01-39,2011-04-24 18:58:53,1303639080,18,1,"outgoing","a6b9fb7b249018732eb06d9be63a6fe0e95cfc3"
fa10-01-39,2011-04-24 20:00:47,1303642800,20,1,"outgoing","a6b9fb7b249018732eb06d9be63a6fe0e95cfc3"
fa10-01-39,2011-04-24 21:28:21,1303648080,21,1,"outgoing","a6b9fb7b249018732eb06d9be63a6fe0e95cfc3"
fa10-01-39,2011-04-25 17:27:25,1303720020,17,2,"incoming","f23a40c117a6b166802a179a9b3426b18b5dab86"
fa10-01-39,2011-04-26 17:35:07,1303806900,17,3,"outgoing","1aa25b70382c742bf65351704f3b800f05cc4492"
fa10-01-39,2011-04-26 20:47:45,1303818420,20,3,"incoming","4771caa7c23bc1ef343036ce9a65c9edbe9a80bd"
fa10-01-39,2011-04-26 21:00:32,1303819200,21,3,"outgoing","1aa25b70382c742bf65351704f3b800f05cc4492"
fa10-01-39,2011-04-26 20:59:46,1303819140,20,3,"outgoing","a6b9fb7b249018732eb06d9be63a6fe0e95cfc3"
fa10-01-39,2011-04-26 20:59:31,1303819140,20,3,"outgoing","a6b9fb7b249018732eb06d9be63a6fe0e95cfc3"
fa10-01-39,2011-04-27 23:12:30,1303913520,23,4,"incoming","f863e09c46a622f624a29e1651bb9961562dd02"
fa10-01-39,2011-04-28 22:16:21,1303996560,22,5,"outgoing","a6b9fb7b249018732eb06d9be63a6fe0e95cfc3"
fa10-01-39,2011-04-28 19:03:16,1303984980,19,5,"incoming","f863e09c46a622f624a29e1651bb9961562dd02"
fa10-01-39,2011-04-28 23:59:35,1304002740,23,5,"incoming","f863e09c46a622f624a29e1651bb9961562dd02"
fa10-01-39,2011-04-29 12:35:42,1304048100,12,6,"incoming","216fe230000aea962da6998c3bce17ea27d297f5"
fa10-01-39,2011-04-29 16:14:44,1304061240,16,6,"incoming","f23a40c117a6b166802a179a9b3426b18b5dab86"
fa10-01-39,2011-04-29 16:12:24,1304061120,16,6,"outgoing","f23a40c117a6b166802a179a9b3426b18b5dab86"
fa10-01-39,2011-04-29 17:07:38,1304064420,17,6,"outgoing","f863e09c46a622f624a29e1651bb9961562dd02"
fa10-01-39,2011-04-29 20:57:00,1304078220,20,6,"incoming","f863e09c46a622f624a29e1651bb9961562dd02"
fa10-01-39,2011-04-30 12:02:16,1304132520,12,7,"incoming","1aa25b70382c742bf65351704f3b800f05cc4492"
fa10-01-39,2011-04-30 12:01:15,1304132460,12,7,"outgoing","f863e09c46a622f624a29e1651bb9961562dd02"
fa10-01-39,2011-04-30 12:26:36,1304133960,12,7,"incoming","1aa25b70382c742bf65351704f3b800f05cc4492"
fa10-01-39,2011-04-30 12:07:41,1304132820,12,7,"outgoing","1aa25b70382c742bf65351704f3b800f05cc4492"
fa10-01-39,2011-04-30 16:19:26,1304147940,16,7,"incoming","f863e09c46a622f624a29e1651bb9961562dd02"
fa10-01-39,2011-04-30 12:53:49,1304135580,12,7,"outgoing","1aa25b70382c742bf65351704f3b800f05cc4492"
fa10-01-39,2011-04-30 21:11:55,1304165460,21,7,"incoming","baac367527e6b96366f559827f391dee18006766"
fa10-01-39,2011-04-30 21:09:45,1304165340,21,7,"outgoing","baac367527e6b96366f559827f391dee18006766"
fa10-01-39,2011-04-30 21:08:39,1304165280,21,7,"outgoing","5e7d01dcf7f2ed3f4da8631aae8c131f78774a13"
fa10-01-39,2011-05-01 14:35:20,1304228100,14,1,"outgoing","a6b9fb7b249018732eb06d9be63a6fe0e95cfc3"
fa10-01-39,2011-05-01 15:49:46,1304232540,15,1,"missed","a6b9fb7b249018732eb06d9be63a6fe0e95cfc3"
fa10-01-39,2011-05-01 18:16:55,1304241360,18,1,"outgoing","f863e09c46a622f624a29e1651bb9961562dd02"
fa10-01-39,2011-05-02 18:24:50,1304328240,18,2,"outgoing","f23a40c117a6b166802a179a9b3426b18b5dab86"
fa10-01-39,2011-05-02 22:37:19,1304343420,22,2,"incoming","f23a40c117a6b166802a179a9b3426b18b5dab86"
fa10-01-39,2011-05-04 17:14:50,1304496840,17,4,"outgoing","f23a40c117a6b166802a179a9b3426b18b5dab86"
fa10-01-39,2011-05-05 14:46:18,1304574360,14,5,"incoming","f23a40c117a6b166802a179a9b3426b18b5dab86"
fa10-01-39,2011-05-05 14:44:52,1304574240,14,5,"incoming","f23a40c117a6b166802a179a9b3426b18b5dab86"
fa10-01-39,2011-05-06 00:40:03,1304610000,00,6,"incoming","1aa25b70382c742bf65351704f3b800f05cc4492"
fa10-01-39,2011-05-06 11:54:16,1304650440,11,6,"incoming","f23a40c117a6b166802a179a9b3426b18b5dab86"
fa10-01-39,2011-05-06 14:48:15,1304660880,14,6,"incoming","216fe230000aea962da6998c3bce17ea27d297f5"
fa10-01-39,2011-05-07 12:16:28,1304738160,12,7,"outgoing","d7abdddba105584328f72ee98b1bf064069f4c02"
fa10-01-39,2011-05-07 12:15:53,1304738100,12,7,"missed","d7abdddba105584328f72ee98b1bf064069f4c02"
fa10-01-39,2011-05-07 12:10:08,1304737800,12,7,"outgoing","f23a40c117a6b166802a179a9b3426b18b5dab86"
fa10-01-39,2011-05-07 12:09:46,1304737740,12,7,"outgoing","1aa25b70382c742bf65351704f3b800f05cc4492"
fa10-01-39,2011-05-07 12:08:56,1304737680,12,7,"outgoing","1aa25b70382c742bf65351704f3b800f05cc4492"
fa10-01-39,2011-05-07 12:41:47,1304739660,12,7,"incoming","1aa25b70382c742bf65351704f3b800f05cc4492"
fa10-01-39,2011-05-07 20:26:38,1304767560,20,7,"incoming","f863e09c46a622f624a29e1651bb9961562dd02"
fa10-01-39,2011-05-07 23:24:17,1304778240,23,7,"outgoing","f863e09c46a622f624a29e1651bb9961562dd02"
fa10-01-39,2011-05-08 15:49:37,1304837340,15,1,"outgoing","f23a40c117a6b166802a179a9b3426b18b5dab86"
fa10-01-39,2011-05-08 21:33:54,1304857980,21,1,"incoming","f23a40c117a6b166802a179a9b3426b18b5dab86"
fa10-01-39,2011-05-08 22:19:11,1304860740,22,1,"outgoing","f23a40c117a6b166802a179a9b3426b18b5dab86"
fa10-01-39,2011-05-10 10:30:15,1304991000,10,3,"outgoing","17f1152594a1de6e8e03dd3196b6880a8d7e4b94"
fa10-01-39,2011-05-11 19:11:04,1305108660,19,4,"outgoing","ea18713e50bd812ff8967d44739c58ccbdf1e4ce"
fa10-01-39,2011-05-12 10:00:15,1305162000,10,5,"outgoing","17f1152594a1de6e8e03dd3196b6880a8d7e4b94"
fa10-01-39,2011-05-12 18:05:58,1305191100,18,5,"incoming","f23a40c117a6b166802a179a9b3426b18b5dab86"
fa10-01-39,2011-05-12 20:50:28,1305201000,20,5,"outgoing","4d75b4aa7e6584e3ded7a49a56e1005f05fa3403"
fa10-01-39,2011-05-13 02:02:14,1305219720,02,6,"incoming","356a192b7913b04c54574d18c28d46e6395428ab"
fa10-01-39,2011-05-13 18:48:50,1305280080,18,6,"outgoing","f23a40c117a6b166802a179a9b3426b18b5dab86"
fa10-01-39,2011-05-13 18:42:54,1305279720,18,6,"outgoing","f23a40c117a6b166802a179a9b3426b18b5dab86"
fa10-01-39,2011-05-13 17:53:20,1305276780,17,6,"incoming","4d75b4aa7e6584e3ded7a49a56e1005f05fa3403"
fa10-01-39,2011-05-13 17:45:24,1305276300,17,6,"incoming","4d75b4aa7e6584e3ded7a49a56e1005f05fa3403"
fa10-01-39,2011-05-13 17:34:46,1305275640,17,6,"outgoing","4d75b4aa7e6584e3ded7a49a56e1005f05fa3403"
fa10-01-39,2011-05-13 17:34:02,1305275640,17,6,"outgoing","4d75b4aa7e6584e3ded7a49a56e1005f05fa3403"
fa10-01-39,2011-05-13 15:50:19,1305269400,15,6,"outgoing","4d75b4aa7e6584e3ded7a49a56e1005f05fa3403"
fa10-01-39,2011-05-13 23:36:20,1305297360,23,6,"outgoing","af7039ac3f1b45a40f7031ac33721c3e94dc98d6"
fa10-01-39,2011-05-14 15:53:32,1305355980,15,7,"incoming","5e7d01dcf7f2ed3f4da8631aae8c131f78774a13"
fa10-01-39,2011-05-15 09:55:38,1305420900,09,1,"outgoing","e52631536eac998fe27c89ed52c3f4c0fc52fb0e"
fa10-01-39,2011-05-16 16:46:32,1305531960,16,2,"missed","ea18713e50bd812ff8967d44739c58ccbdf1e4ce"
fa10-01-39,2011-05-17 18:16:03,1305623760,18,3,"outgoing","f23a40c117a6b166802a179a9b3426b18b5dab86"
