ID,DATE,Timestamp,TIME,WEEK,ACCURACY,X,Y
sp10-01-29,2010-07-23 21:48,1279889280,21,6,60,-41,-69
sp10-01-29,2010-07-23 22:18,1279891080,22,6,60,-52,-87
sp10-01-29,2010-07-23 22:49,1279892940,22,6,60,-52,-87
sp10-01-29,2010-07-23 23:19,1279894740,23,6,60,-52,-87
sp10-01-29,2010-07-23 23:50,1279896600,23,6,60,-52,-87
sp10-01-29,2010-07-24 0:20,1279898400,0,7,60,-45,-80
sp10-01-29,2010-07-24 0:50,1279900200,0,7,60,-21,-55
sp10-01-29,2010-07-24 1:20,1279902000,1,7,60,-40,-78
sp10-01-29,2010-07-24 1:51,1279903860,1,7,60,-40,-73
sp10-01-29,2010-07-24 2:21,1279905660,2,7,60,-34,-65
sp10-01-29,2010-07-24 2:52,1279907520,2,7,96,-46,-137
sp10-01-29,2010-07-24 3:22,1279909320,3,7,12,-63,-120
sp10-01-29,2010-07-24 3:32,1279909920,3,7,128,-85,-133
sp10-01-29,2010-07-24 3:43,1279910580,3,7,128,-41,-41
sp10-01-29,2010-07-24 3:53,1279911180,3,7,96,-43,-142
sp10-01-29,2010-07-24 4:03,1279911780,4,7,128,-89,-129
sp10-01-29,2010-07-24 4:13,1279912380,4,7,128,-60,-67
sp10-01-29,2010-07-24 4:24,1279913040,4,7,128,-53,-137
sp10-01-29,2010-07-24 4:35,1279913700,4,7,128,12,-128
sp10-01-29,2010-07-24 4:45,1279914300,4,7,96,-92,-154
sp10-01-29,2010-07-24 4:56,1279914960,4,7,64,-77,-162
sp10-01-29,2010-07-24 5:07,1279915620,5,7,96,-69,-149
sp10-01-29,2010-07-24 5:18,1279916280,5,7,48,-46,-130
sp10-01-29,2010-07-24 5:28,1279916880,5,7,24,-85,-159
sp10-01-29,2010-07-24 5:39,1279917540,5,7,128,-111,-162
sp10-01-29,2010-07-24 5:49,1279918140,5,7,96,-43,-125
sp10-01-29,2010-07-24 6:00,1279918800,6,7,96,-89,-176
sp10-01-29,2010-07-24 6:11,1279919460,6,7,96,-5,-86
sp10-01-29,2010-07-24 6:21,1279920060,6,7,128,-79,-172
sp10-01-29,2010-07-24 6:32,1279920720,6,7,96,-84,-145
sp10-01-29,2010-07-24 6:44,1279921440,6,7,128,-61,-114
sp10-01-29,2010-07-24 6:54,1279922040,6,7,128,-68,-127
sp10-01-29,2010-07-24 7:05,1279922700,7,7,96,-101,-215
sp10-01-29,2010-07-24 7:15,1279923300,7,7,48,-44,-109
sp10-01-29,2010-07-24 7:26,1279923960,7,7,96,-141,-178
sp10-01-29,2010-07-24 7:37,1279924620,7,7,96,-64,-95
sp10-01-29,2010-07-24 7:48,1279925280,7,7,48,-52,-128
sp10-01-29,2010-07-24 7:58,1279925880,7,7,24,-30,-65
sp10-01-29,2010-07-24 8:08,1279926480,8,7,24,-50,-121
sp10-01-29,2010-07-24 8:18,1279927080,8,7,96,-39,-112
sp10-01-29,2010-07-24 8:29,1279927740,8,7,96,-34,-152
sp10-01-29,2010-07-24 8:39,1279928340,8,7,96,-34,-87
sp10-01-29,2010-07-24 8:49,1279928940,8,7,96,-72,-148
sp10-01-29,2010-07-24 9:00,1279929600,9,7,128,-63,-110
sp10-01-29,2010-07-24 9:10,1279930200,9,7,128,-41,-106
sp10-01-29,2010-07-24 9:20,1279930800,9,7,60,-44,-79
sp10-01-29,2010-07-24 9:31,1279931460,9,7,96,-106,-208
sp10-01-29,2010-07-24 10:01,1279933260,10,7,128,-84,-77
sp10-01-29,2010-07-24 10:12,1279933920,10,7,4,90,234
sp10-01-29,2010-07-24 10:23,1279934580,10,7,3,2547,2929
sp10-01-29,2010-07-24 10:33,1279935180,10,7,24,4242,4220
sp10-01-29,2010-07-24 10:43,1279935780,10,7,12,7543,8886
sp10-01-29,2010-07-24 10:53,1279936380,10,7,12,8083,11347
sp10-01-29,2010-07-24 11:03,1279936980,11,7,60,8112,11550
sp10-01-29,2010-07-24 11:14,1279937640,11,7,60,8079,11522
sp10-01-29,2010-07-24 11:44,1279939440,11,7,60,8095,11540
sp10-01-29,2010-07-24 12:16,1279941360,12,7,60,8096,11539
sp10-01-29,2010-07-24 12:45,1279943100,12,7,60,8314,11701
sp10-01-29,2010-07-24 13:16,1279944960,13,7,60,8290,11690
sp10-01-29,2010-07-24 13:46,1279946760,13,7,32,8719,12068
sp10-01-29,2010-07-24 14:18,1279948680,14,7,2,5069,-3203
sp10-01-29,2010-07-24 14:48,1279950480,14,7,8,24968,20020
sp10-01-29,2010-07-24 14:58,1279951080,14,7,3,28656,27206
sp10-01-29,2010-07-24 15:07,1279951620,15,7,12,28639,27201
sp10-01-29,2010-07-24 15:18,1279952280,15,7,6,28652,27207
sp10-01-29,2010-07-24 15:28,1279952880,15,7,12,28647,27205
sp10-01-29,2010-07-24 15:39,1279953540,15,7,3,28641,27194
sp10-01-29,2010-07-24 15:49,1279954140,15,7,6,28648,27203
sp10-01-29,2010-07-24 15:59,1279954740,15,7,16,28651,27214
sp10-01-29,2010-07-24 16:10,1279955400,16,7,3,28660,27217
sp10-01-29,2010-07-24 16:20,1279956000,16,7,12,28654,27205
sp10-01-29,2010-07-24 16:32,1279956720,16,7,6,27851,26253
sp10-01-29,2010-07-24 16:42,1279957320,16,7,1222,9474,10953
sp10-01-29,2010-07-24 16:52,1279957920,16,7,96,-57,-127
sp10-01-29,2010-07-24 17:22,1279959720,17,7,96,-52,-152
sp10-01-29,2010-07-24 17:32,1279960320,17,7,64,-70,-126
sp10-01-29,2010-07-24 17:42,1279960920,17,7,96,-53,-113
sp10-01-29,2010-07-24 17:52,1279961520,17,7,60,-52,-87
sp10-01-29,2010-07-24 18:02,1279962120,18,7,60,-62,-99
sp10-01-29,2010-07-24 18:32,1279963920,18,7,60,-52,-87
sp10-01-29,2010-07-24 19:03,1279965780,19,7,6,1330,243
sp10-01-29,2010-07-24 19:33,1279967580,19,7,6,1294,-891
sp10-01-29,2010-07-24 19:44,1279968240,19,7,8,1297,-882
sp10-01-29,2010-07-24 19:54,1279968840,19,7,12,1299,-879
sp10-01-29,2010-07-24 20:04,1279969440,20,7,8,1306,-887
sp10-01-29,2010-07-24 20:14,1279970040,20,7,16,1298,-895
sp10-01-29,2010-07-24 20:24,1279970640,20,7,12,1284,-933
sp10-01-29,2010-07-24 20:34,1279971240,20,7,12,1310,-872
sp10-01-29,2010-07-24 20:44,1279971840,20,7,96,1300,-859
sp10-01-29,2010-07-24 20:55,1279972500,20,7,16,1291,-868
sp10-01-29,2010-07-24 21:04,1279973040,21,7,96,1271,-951
sp10-01-29,2010-07-24 21:14,1279973640,21,7,12,1287,-889
sp10-01-29,2010-07-24 21:25,1279974300,21,7,96,1275,-924
sp10-01-29,2010-07-24 21:35,1279974900,21,7,96,1300,-865
sp10-01-29,2010-07-24 21:45,1279975500,21,7,96,1291,-919
sp10-01-29,2010-07-24 21:56,1279976160,21,7,96,1309,-897
sp10-01-29,2010-07-24 22:06,1279976760,22,7,96,1314,-849
sp10-01-29,2010-07-24 22:16,1279977360,22,7,16,1310,-863
sp10-01-29,2010-07-24 23:35,1279982100,23,7,128,-12,-43
sp10-01-29,2010-07-25 0:05,1279983900,0,1,96,8,32
sp10-01-29,2010-07-25 0:15,1279984500,0,1,128,-55,-94
sp10-01-29,2010-07-25 0:25,1279985100,0,1,60,-31,-70
sp10-01-29,2010-07-25 0:35,1279985700,0,1,128,-103,-181
sp10-01-29,2010-07-25 1:05,1279987500,1,1,48,-72,-136
sp10-01-29,2010-07-25 1:15,1279988100,1,1,96,-72,-151
sp10-01-29,2010-07-25 1:25,1279988700,1,1,96,-98,-172
sp10-01-29,2010-07-25 1:35,1279989300,1,1,96,19,-1
sp10-01-29,2010-07-25 1:45,1279989900,1,1,96,-4,-76
sp10-01-29,2010-07-25 1:55,1279990500,1,1,96,-19,-70
sp10-01-29,2010-07-25 2:05,1279991100,2,1,96,-70,-109
sp10-01-29,2010-07-25 2:15,1279991700,2,1,64,-65,-113
sp10-01-29,2010-07-25 2:25,1279992300,2,1,96,52,1
sp10-01-29,2010-07-25 2:35,1279992900,2,1,128,-46,-148
sp10-01-29,2010-07-25 2:45,1279993500,2,1,12,-116,-203
sp10-01-29,2010-07-25 2:55,1279994100,2,1,96,-49,-146
sp10-01-29,2010-07-25 3:05,1279994700,3,1,64,-41,-114
sp10-01-29,2010-07-25 3:15,1279995300,3,1,16,-45,-116
sp10-01-29,2010-07-25 3:25,1279995900,3,1,64,-47,-85
sp10-01-29,2010-07-25 3:35,1279996500,3,1,48,-95,-230
sp10-01-29,2010-07-25 3:45,1279997100,3,1,96,-42,-117
sp10-01-29,2010-07-25 4:05,1279998300,4,1,96,44,-17
sp10-01-29,2010-07-25 4:35,1280000100,4,1,96,-46,-96
sp10-01-29,2010-07-25 4:45,1280000700,4,1,128,-39,-106
sp10-01-29,2010-07-25 4:55,1280001300,4,1,96,-16,-73
sp10-01-29,2010-07-25 5:05,1280001900,5,1,96,-19,-72
sp10-01-29,2010-07-25 5:15,1280002500,5,1,16,-12,-83
sp10-01-29,2010-07-25 5:25,1280003100,5,1,48,-98,-134
sp10-01-29,2010-07-25 5:35,1280003700,5,1,96,-53,-117
sp10-01-29,2010-07-25 5:45,1280004300,5,1,96,-26,-82
sp10-01-29,2010-07-25 5:55,1280004900,5,1,96,-55,-143
sp10-01-29,2010-07-25 6:05,1280005500,6,1,96,7,-62
sp10-01-29,2010-07-25 6:15,1280006100,6,1,128,32,22
sp10-01-29,2010-07-25 6:25,1280006700,6,1,96,-2,-80
sp10-01-29,2010-07-25 6:35,1280007300,6,1,96,-11,-153
sp10-01-29,2010-07-25 6:45,1280007900,6,1,96,-26,-101
sp10-01-29,2010-07-25 6:55,1280008500,6,1,96,18,-168
sp10-01-29,2010-07-25 7:05,1280009100,7,1,64,-38,-119
sp10-01-29,2010-07-25 7:15,1280009700,7,1,24,113,112
sp10-01-29,2010-07-25 7:25,1280010300,7,1,96,15,-49
sp10-01-29,2010-07-25 7:35,1280010900,7,1,128,27,-9
sp10-01-29,2010-07-25 7:45,1280011500,7,1,96,-25,-95
sp10-01-29,2010-07-25 7:55,1280012100,7,1,64,-25,-110
sp10-01-29,2010-07-25 8:05,1280012700,8,1,96,-17,-32
sp10-01-29,2010-07-25 8:15,1280013300,8,1,96,-50,-118
sp10-01-29,2010-07-25 8:25,1280013900,8,1,64,33,-4
sp10-01-29,2010-07-25 8:35,1280014500,8,1,96,-48,-115
sp10-01-29,2010-07-25 8:45,1280015100,8,1,128,-36,-76
sp10-01-29,2010-07-25 8:55,1280015700,8,1,128,-65,-173
sp10-01-29,2010-07-25 9:05,1280016300,9,1,128,-32,-105
sp10-01-29,2010-07-25 9:15,1280016900,9,1,128,-37,-147
sp10-01-29,2010-07-25 9:19,1280017140,9,1,128,-57,-154
sp10-01-29,2010-07-25 9:29,1280017740,9,1,96,-49,-117
sp10-01-29,2010-07-25 9:39,1280018340,9,1,60,-35,-71
sp10-01-29,2010-07-25 9:49,1280018940,9,1,128,-71,-170
sp10-01-29,2010-07-25 10:19,1280020740,10,1,128,-90,-66
sp10-01-29,2010-07-25 10:29,1280021340,10,1,128,-52,-100
sp10-01-29,2010-07-25 10:39,1280021940,10,1,60,-41,-77
sp10-01-29,2010-07-25 10:50,1280022600,10,1,96,-47,-91
sp10-01-29,2010-07-25 11:20,1280024400,11,1,6,933,1199
sp10-01-29,2010-07-25 11:31,1280025060,11,1,4,2893,5072
sp10-01-29,2010-07-25 11:41,1280025660,11,1,6,4893,7298
sp10-01-29,2010-07-25 11:52,1280026320,11,1,16,4687,7088
sp10-01-29,2010-07-25 12:03,1280026980,12,1,48,4771,7207
sp10-01-29,2010-07-25 12:14,1280027640,12,1,96,4734,7193
sp10-01-29,2010-07-25 12:25,1280028300,12,1,6,4392,6729
sp10-01-29,2010-07-25 12:36,1280028960,12,1,6,3307,5348
sp10-01-29,2010-07-25 12:46,1280029560,12,1,6,2458,4024
sp10-01-29,2010-07-25 12:57,1280030220,12,1,2,2382,2830
sp10-01-29,2010-07-25 13:07,1280030820,13,1,6,501,650
sp10-01-29,2010-07-25 13:16,1280031360,13,1,60,-55,-92
sp10-01-29,2010-07-25 13:26,1280031960,13,1,60,-52,-87
sp10-01-29,2010-07-25 13:57,1280033820,13,1,96,-43,-101
sp10-01-29,2010-07-25 14:28,1280035680,14,1,96,-53,-109
sp10-01-29,2010-07-25 14:39,1280036340,14,1,96,-64,-143
sp10-01-29,2010-07-25 14:49,1280036940,14,1,128,-51,-113
sp10-01-29,2010-07-25 14:59,1280037540,14,1,96,-58,-117
sp10-01-29,2010-07-25 15:10,1280038200,15,1,48,-32,-71
sp10-01-29,2010-07-25 15:21,1280038860,15,1,96,-77,-166
sp10-01-29,2010-07-25 15:32,1280039520,15,1,128,-72,-124
sp10-01-29,2010-07-25 15:43,1280040180,15,1,64,-21,-80
sp10-01-29,2010-07-25 15:53,1280040780,15,1,128,-90,-119
sp10-01-29,2010-07-25 16:03,1280041380,16,1,128,-21,-87
sp10-01-29,2010-07-25 16:13,1280041980,16,1,96,-25,-87
sp10-01-29,2010-07-25 16:24,1280042640,16,1,96,-75,-155
sp10-01-29,2010-07-25 16:33,1280043180,16,1,96,-22,-71
sp10-01-29,2010-07-25 16:43,1280043780,16,1,60,-41,-76
sp10-01-29,2010-07-25 16:53,1280044380,16,1,48,-47,-116
sp10-01-29,2010-07-25 17:23,1280046180,17,1,96,-62,-113
sp10-01-29,2010-07-25 17:34,1280046840,17,1,60,-37,-72
sp10-01-29,2010-07-25 17:44,1280047440,17,1,60,-44,-79
sp10-01-29,2010-07-25 18:15,1280049300,18,1,12,2121,1829
sp10-01-29,2010-07-25 18:45,1280051100,18,1,8,901,-630
sp10-01-29,2010-07-25 18:55,1280051700,18,1,4,547,-1347
sp10-01-29,2010-07-25 19:06,1280052360,19,1,8,-562,-3473
sp10-01-29,2010-07-25 19:16,1280052960,19,1,4,-1745,-5500
sp10-01-29,2010-07-25 19:26,1280053560,19,1,55,-1848,-5641
sp10-01-29,2010-07-25 19:38,1280054280,19,1,60,-1756,-5516
sp10-01-29,2010-07-25 20:08,1280056080,20,1,12,-547,-3417
sp10-01-29,2010-07-25 20:38,1280057880,20,1,96,-40,-95
sp10-01-29,2010-07-25 20:49,1280058540,20,1,60,-41,-76
sp10-01-29,2010-07-25 20:59,1280059140,20,1,60,-41,-76
sp10-01-29,2010-07-25 21:30,1280061000,21,1,128,-31,-76
sp10-01-29,2010-07-25 22:00,1280062800,22,1,60,-62,-99
sp10-01-29,2010-07-25 22:11,1280063460,22,1,60,-62,-100
sp10-01-29,2010-07-25 22:42,1280065320,22,1,64,-53,-126
sp10-01-29,2010-07-25 23:12,1280067120,23,1,128,-79,-109
sp10-01-29,2010-07-25 23:23,1280067780,23,1,96,-33,-115
sp10-01-29,2010-07-25 23:32,1280068320,23,1,64,-67,-124
sp10-01-29,2010-07-25 23:43,1280068980,23,1,128,-42,-170
sp10-01-29,2010-07-25 23:52,1280069520,23,1,96,-120,-128
sp10-01-29,2010-07-26 0:02,1280070120,0,2,128,-32,-34
sp10-01-29,2010-07-26 0:12,1280070720,0,2,96,-51,-34
sp10-01-29,2010-07-26 0:22,1280071320,0,2,128,-37,-79
sp10-01-29,2010-07-26 0:32,1280071920,0,2,128,-32,-36
sp10-01-29,2010-07-26 0:43,1280072580,0,2,64,-90,-164
sp10-01-29,2010-07-26 0:52,1280073120,0,2,96,-43,-81
sp10-01-29,2010-07-26 1:02,1280073720,1,2,128,-66,-105
sp10-01-29,2010-07-26 1:13,1280074380,1,2,64,2,-69
sp10-01-29,2010-07-26 1:22,1280074920,1,2,96,-32,-79
sp10-01-29,2010-07-26 1:32,1280075520,1,2,128,-31,-99
sp10-01-29,2010-07-26 1:42,1280076120,1,2,128,-35,-87
sp10-01-29,2010-07-26 1:52,1280076720,1,2,96,-23,-90
sp10-01-29,2010-07-26 2:02,1280077320,2,2,96,-48,-86
sp10-01-29,2010-07-26 2:12,1280077920,2,2,96,-42,-119
sp10-01-29,2010-07-26 2:22,1280078520,2,2,24,-99,-136
sp10-01-29,2010-07-26 2:32,1280079120,2,2,24,-93,-171
sp10-01-29,2010-07-26 2:42,1280079720,2,2,96,-55,-123
sp10-01-29,2010-07-26 2:52,1280080320,2,2,96,-38,-90
sp10-01-29,2010-07-26 3:02,1280080920,3,2,96,-93,-134
sp10-01-29,2010-07-26 3:12,1280081520,3,2,96,-76,-162
sp10-01-29,2010-07-26 3:22,1280082120,3,2,96,-60,-54
sp10-01-29,2010-07-26 3:32,1280082720,3,2,96,-54,-117
sp10-01-29,2010-07-26 3:42,1280083320,3,2,96,-82,-159
sp10-01-29,2010-07-26 3:53,1280083980,3,2,24,-42,-105
sp10-01-29,2010-07-26 4:02,1280084520,4,2,96,-107,-127
sp10-01-29,2010-07-26 4:12,1280085120,4,2,96,-24,-49
sp10-01-29,2010-07-26 4:22,1280085720,4,2,96,-96,-186
sp10-01-29,2010-07-26 4:32,1280086320,4,2,96,-42,-123
sp10-01-29,2010-07-26 4:42,1280086920,4,2,64,-15,-58
sp10-01-29,2010-07-26 4:52,1280087520,4,2,64,-40,-101
sp10-01-29,2010-07-26 5:03,1280088180,5,2,32,-40,-114
sp10-01-29,2010-07-26 5:12,1280088720,5,2,96,-6,54
sp10-01-29,2010-07-26 5:23,1280089380,5,2,24,-54,-127
sp10-01-29,2010-07-26 5:32,1280089920,5,2,96,-94,-201
sp10-01-29,2010-07-26 5:42,1280090520,5,2,96,-29,-44
sp10-01-29,2010-07-26 5:52,1280091120,5,2,128,-102,-208
sp10-01-29,2010-07-26 6:02,1280091720,6,2,96,-45,-133
sp10-01-29,2010-07-26 6:13,1280092380,6,2,24,-15,-164
sp10-01-29,2010-07-26 6:22,1280092920,6,2,128,-60,-146
sp10-01-29,2010-07-26 6:32,1280093520,6,2,96,-28,-117
sp10-01-29,2010-07-26 6:42,1280094120,6,2,96,-81,-148
sp10-01-29,2010-07-26 6:52,1280094720,6,2,96,-57,-156
sp10-01-29,2010-07-26 7:02,1280095320,7,2,96,-62,-133
sp10-01-29,2010-07-26 7:12,1280095920,7,2,96,-63,-116
sp10-01-29,2010-07-26 7:22,1280096520,7,2,96,-104,-171
sp10-01-29,2010-07-26 7:32,1280097120,7,2,48,-59,-120
sp10-01-29,2010-07-26 7:42,1280097720,7,2,24,-103,-179
sp10-01-29,2010-07-26 7:52,1280098320,7,2,48,-63,-109
sp10-01-29,2010-07-26 8:02,1280098920,8,2,96,-34,-119
sp10-01-29,2010-07-26 8:12,1280099520,8,2,96,-75,-177
sp10-01-29,2010-07-26 8:22,1280100120,8,2,96,50,-4
sp10-01-29,2010-07-26 8:33,1280100780,8,2,128,-49,-135
sp10-01-29,2010-07-26 8:42,1280101320,8,2,60,-35,-69
sp10-01-29,2010-07-26 8:52,1280101920,8,2,96,-36,-88
sp10-01-29,2010-07-26 9:22,1280103720,9,2,96,-2,-33
sp10-01-29,2010-07-26 9:32,1280104320,9,2,96,-84,-153
sp10-01-29,2010-07-26 9:42,1280104920,9,2,64,-19,-49
sp10-01-29,2010-07-26 9:52,1280105520,9,2,96,-45,-65
sp10-01-29,2010-07-26 10:02,1280106120,10,2,96,-53,-119
sp10-01-29,2010-07-26 10:12,1280106720,10,2,96,-46,-35
sp10-01-29,2010-07-26 10:22,1280107320,10,2,48,-24,-51
sp10-01-29,2010-07-26 10:32,1280107920,10,2,64,-48,-120
sp10-01-29,2010-07-26 10:43,1280108580,10,2,64,-105,-121
sp10-01-29,2010-07-26 10:52,1280109120,10,2,96,-36,-95
sp10-01-29,2010-07-26 11:03,1280109780,11,2,60,-29,-65
sp10-01-29,2010-07-26 11:12,1280110320,11,2,96,-42,-103
sp10-01-29,2010-07-26 11:43,1280112180,11,2,60,-27,-59
sp10-01-29,2010-07-26 11:52,1280112720,11,2,128,28,113
sp10-01-29,2010-07-26 12:22,1280114520,12,2,128,-103,-168
sp10-01-29,2010-07-26 12:32,1280115120,12,2,96,-44,-109
sp10-01-29,2010-07-26 12:42,1280115720,12,2,48,-13,-115
sp10-01-29,2010-07-26 12:52,1280116320,12,2,64,-7,-68
sp10-01-29,2010-07-26 13:02,1280116920,13,2,96,-56,-139
sp10-01-29,2010-07-26 13:12,1280117520,13,2,96,-23,-78
sp10-01-29,2010-07-26 13:23,1280118180,13,2,96,-50,-106
sp10-01-29,2010-07-26 13:32,1280118720,13,2,32,40,-26
sp10-01-29,2010-07-26 13:42,1280119320,13,2,96,-25,2
sp10-01-29,2010-07-26 13:52,1280119920,13,2,48,-61,-68
sp10-01-29,2010-07-26 14:02,1280120520,14,2,128,-52,-112
sp10-01-29,2010-07-26 14:12,1280121120,14,2,96,-84,-135
sp10-01-29,2010-07-26 14:22,1280121720,14,2,48,-58,-121
sp10-01-29,2010-07-26 14:33,1280122380,14,2,96,-3,0
sp10-01-29,2010-07-26 14:44,1280123040,14,2,96,-52,-124
sp10-01-29,2010-07-26 14:55,1280123700,14,2,128,-68,-33
sp10-01-29,2010-07-26 15:05,1280124300,15,2,96,-56,-136
sp10-01-29,2010-07-26 15:17,1280125020,15,2,2,540,410
sp10-01-29,2010-07-26 15:28,1280125680,15,2,96,2015,1924
sp10-01-29,2010-07-26 15:38,1280126280,15,2,886,2111,3420
sp10-01-29,2010-07-26 15:49,1280126940,15,2,128,1777,1750
sp10-01-29,2010-07-26 16:18,1280128680,16,2,16,2114,2173
sp10-01-29,2010-07-26 16:28,1280129280,16,2,6,1478,1376
sp10-01-29,2010-07-26 16:40,1280130000,16,2,3,746,602
sp10-01-29,2010-07-26 16:50,1280130600,16,2,96,-39,-124
sp10-01-29,2010-07-26 17:01,1280131260,17,2,96,-104,-131
sp10-01-29,2010-07-26 18:30,1280136600,18,2,60,-45,-78
sp10-01-29,2010-07-26 19:01,1280138460,19,2,60,-53,-90
sp10-01-29,2010-07-26 19:05,1280138700,19,2,60,-46,-82
sp10-01-29,2010-07-26 19:34,1280140440,19,2,60,-39,-76
sp10-01-29,2010-07-26 20:05,1280142300,20,2,60,-34,-71
sp10-01-29,2010-07-26 20:34,1280144040,20,2,60,-38,-73
sp10-01-29,2010-07-26 20:39,1280144340,20,2,128,-57,-9
sp10-01-29,2010-07-26 20:53,1280145180,20,2,60,-52,-87
sp10-01-29,2010-07-26 21:23,1280146980,21,2,60,-44,-75
sp10-01-29,2010-07-26 21:53,1280148780,21,2,60,-52,-87
sp10-01-29,2010-07-26 22:23,1280150580,22,2,60,-62,-99
sp10-01-29,2010-07-26 22:53,1280152380,22,2,60,-52,-81
sp10-01-29,2010-07-26 23:23,1280154180,23,2,60,-52,-81
sp10-01-29,2010-07-26 23:53,1280155980,23,2,60,-52,-81
sp10-01-29,2010-07-27 0:23,1280157780,0,3,60,-52,-87
sp10-01-29,2010-07-27 0:29,1280158140,0,3,60,-27,-59
sp10-01-29,2010-07-27 1:16,1280160960,1,3,60,-54,-87
sp10-01-29,2010-07-27 1:45,1280162700,1,3,60,-38,-65
sp10-01-29,2010-07-27 2:16,1280164560,2,3,60,-30,-59
sp10-01-29,2010-07-27 2:46,1280166360,2,3,60,-38,-65
sp10-01-29,2010-07-27 3:16,1280168160,3,3,60,-28,-57
sp10-01-29,2010-07-27 3:47,1280170020,3,3,60,-39,-66
sp10-01-29,2010-07-27 6:19,1280179140,6,3,128,124,-208
sp10-01-29,2010-07-27 6:50,1280181000,6,3,128,-165,-198
sp10-01-29,2010-07-27 7:00,1280181600,7,3,48,-76,-131
sp10-01-29,2010-07-27 7:10,1280182200,7,3,96,-67,-133
sp10-01-29,2010-07-27 7:20,1280182800,7,3,96,-79,-172
sp10-01-29,2010-07-27 7:30,1280183400,7,3,96,-64,-140
sp10-01-29,2010-07-27 7:41,1280184060,7,3,96,-26,-103
sp10-01-29,2010-07-27 7:52,1280184720,7,3,64,-27,-92
sp10-01-29,2010-07-27 8:03,1280185380,8,3,128,-140,-178
sp10-01-29,2010-07-27 8:12,1280185920,8,3,96,-31,-67
sp10-01-29,2010-07-27 8:23,1280186580,8,3,32,-40,-100
sp10-01-29,2010-07-27 8:34,1280187240,8,3,128,-86,-155
sp10-01-29,2010-07-27 8:45,1280187900,8,3,96,-58,-77
sp10-01-29,2010-07-27 8:55,1280188500,8,3,96,3,-43
sp10-01-29,2010-07-27 9:05,1280189100,9,3,96,-23,-64
sp10-01-29,2010-07-27 9:15,1280189700,9,3,64,-24,-101
sp10-01-29,2010-07-27 9:25,1280190300,9,3,64,23,-36
sp10-01-29,2010-07-27 9:36,1280190960,9,3,96,30,-8
sp10-01-29,2010-07-27 9:46,1280191560,9,3,96,-67,-158
sp10-01-29,2010-07-27 9:56,1280192160,9,3,60,-46,-78
sp10-01-29,2010-07-27 10:06,1280192760,10,3,32,-62,-93
sp10-01-29,2010-07-27 10:37,1280194620,10,3,8,1530,1431
sp10-01-29,2010-07-27 10:59,1280195940,10,3,8,1649,1590
sp10-01-29,2010-07-27 11:28,1280197680,11,3,60,-64,-104
sp10-01-29,2010-07-27 11:39,1280198340,11,3,96,-98,-178
sp10-01-29,2010-07-27 12:09,1280200140,12,3,60,-62,-99
sp10-01-29,2010-07-27 12:19,1280200740,12,3,128,-87,-130
sp10-01-29,2010-07-27 12:49,1280202540,12,3,96,-94,-108
sp10-01-29,2010-07-27 13:00,1280203200,13,3,128,-46,-126
sp10-01-29,2010-07-27 13:09,1280203740,13,3,96,-32,-113
sp10-01-29,2010-07-27 13:20,1280204400,13,3,128,-71,-126
sp10-01-29,2010-07-27 13:29,1280204940,13,3,60,-52,-87
sp10-01-29,2010-07-27 13:40,1280205600,13,3,96,-74,-110
sp10-01-29,2010-07-27 14:11,1280207460,14,3,128,4047,4304
sp10-01-29,2010-07-27 14:20,1280208000,14,3,96,4079,4296
sp10-01-29,2010-07-27 14:31,1280208660,14,3,192,4171,4387
sp10-01-29,2010-07-27 14:41,1280209260,14,3,60,4464,4586
sp10-01-29,2010-07-27 14:52,1280209920,14,3,96,4423,4510
sp10-01-29,2010-07-27 15:21,1280211660,15,3,80,4551,4749
sp10-01-29,2010-07-27 15:32,1280212320,15,3,32,4586,4951
sp10-01-29,2010-07-27 16:03,1280214180,16,3,24,7832,8645
sp10-01-29,2010-07-27 16:13,1280214780,16,3,24,7756,8505
sp10-01-29,2010-07-27 16:23,1280215380,16,3,24,7751,8477
sp10-01-29,2010-07-27 16:34,1280216040,16,3,16,7625,8297
sp10-01-29,2010-07-27 16:44,1280216640,16,3,16,7642,8335
sp10-01-29,2010-07-27 16:55,1280217300,16,3,2,6574,7555
sp10-01-29,2010-07-27 17:05,1280217900,17,3,128,-43,-89
sp10-01-29,2010-07-27 17:40,1280220000,17,3,32,-43,-82
sp10-01-29,2010-07-27 18:09,1280221740,18,3,60,-27,-46
sp10-01-29,2010-07-27 18:19,1280222340,18,3,96,-69,-117
sp10-01-29,2010-07-27 18:49,1280224140,18,3,60,-32,-55
sp10-01-29,2010-07-27 19:30,1280226600,19,3,60,-22,-50
sp10-01-29,2010-07-27 20:00,1280228400,20,3,96,-30,-70
sp10-01-29,2010-07-27 20:30,1280230200,20,3,128,-80,-131
sp10-01-29,2010-07-27 20:40,1280230800,20,3,96,-119,-200
sp10-01-29,2010-07-27 20:50,1280231400,20,3,96,-51,-125
sp10-01-29,2010-07-27 21:00,1280232000,21,3,32,-85,-187
sp10-01-29,2010-07-27 21:10,1280232600,21,3,96,-79,-163
sp10-01-29,2010-07-27 21:20,1280233200,21,3,128,-84,-138
sp10-01-29,2010-07-27 21:30,1280233800,21,3,96,-94,-170
sp10-01-29,2010-07-27 21:41,1280234460,21,3,128,-83,-139
sp10-01-29,2010-07-27 21:50,1280235000,21,3,60,-55,-94
sp10-01-29,2010-07-27 22:00,1280235600,22,3,96,-79,-160
sp10-01-29,2010-07-27 22:30,1280237400,22,3,96,-45,-111
sp10-01-29,2010-07-27 22:40,1280238000,22,3,96,-68,-130
sp10-01-29,2010-07-27 22:51,1280238660,22,3,128,-54,-88
sp10-01-29,2010-07-27 23:00,1280239200,23,3,96,-112,-158
sp10-01-29,2010-07-27 23:10,1280239800,23,3,48,-77,-114
sp10-01-29,2010-07-27 23:20,1280240400,23,3,128,-111,-217
sp10-01-29,2010-07-27 23:30,1280241000,23,3,96,-41,-86
sp10-01-29,2010-07-27 23:40,1280241600,23,3,96,-48,-78
sp10-01-29,2010-07-27 23:51,1280242260,23,3,32,-51,-65
sp10-01-29,2010-07-28 0:00,1280242800,0,4,96,-34,-95
sp10-01-29,2010-07-28 0:10,1280243400,0,4,64,-58,-70
sp10-01-29,2010-07-28 0:20,1280244000,0,4,60,-62,-99
sp10-01-29,2010-07-28 0:31,1280244660,0,4,96,-21,-157
sp10-01-29,2010-07-28 1:00,1280246400,1,4,60,-62,-99
sp10-01-29,2010-07-28 1:10,1280247000,1,4,96,-44,-142
sp10-01-29,2010-07-28 1:40,1280248800,1,4,96,-52,-135
sp10-01-29,2010-07-28 1:51,1280249460,1,4,96,-47,-96
sp10-01-29,2010-07-28 2:01,1280250060,2,4,128,-84,-126
sp10-01-29,2010-07-28 2:10,1280250600,2,4,96,-96,-152
sp10-01-29,2010-07-28 2:20,1280251200,2,4,60,-50,-82
sp10-01-29,2010-07-28 2:30,1280251800,2,4,60,-49,-78
sp10-01-29,2010-07-28 3:01,1280253660,3,4,128,-85,-180
sp10-01-29,2010-07-28 3:31,1280255460,3,4,128,-96,-116
sp10-01-29,2010-07-28 3:40,1280256000,3,4,32,-87,-129
sp10-01-29,2010-07-28 3:50,1280256600,3,4,60,-64,-104
sp10-01-29,2010-07-28 4:00,1280257200,4,4,96,-73,-141
sp10-01-29,2010-07-28 4:30,1280259000,4,4,60,-49,-78
sp10-01-29,2010-07-28 4:41,1280259660,4,4,96,-50,-120
sp10-01-29,2010-07-28 5:11,1280261460,5,4,96,-72,-98
sp10-01-29,2010-07-28 5:20,1280262000,5,4,96,-101,-163
sp10-01-29,2010-07-28 5:31,1280262660,5,4,128,-73,-122
sp10-01-29,2010-07-28 5:40,1280263200,5,4,60,-62,-99
sp10-01-29,2010-07-28 5:50,1280263800,5,4,96,-124,-176
sp10-01-29,2010-07-28 6:21,1280265660,6,4,96,-142,-141
sp10-01-29,2010-07-28 6:31,1280266260,6,4,128,-87,-72
sp10-01-29,2010-07-28 6:41,1280266860,6,4,128,-38,83
sp10-01-29,2010-07-28 6:51,1280267460,6,4,96,-102,-141
sp10-01-29,2010-07-28 7:01,1280268060,7,4,128,-61,-132
sp10-01-29,2010-07-28 7:11,1280268660,7,4,128,-143,-214
sp10-01-29,2010-07-28 7:21,1280269260,7,4,96,-59,-122
sp10-01-29,2010-07-28 7:31,1280269860,7,4,96,-115,-190
sp10-01-29,2010-07-28 7:40,1280270400,7,4,48,-68,-131
sp10-01-29,2010-07-28 7:50,1280271000,7,4,96,-175,-306
sp10-01-29,2010-07-28 8:01,1280271660,8,4,128,-84,-113
sp10-01-29,2010-07-28 8:11,1280272260,8,4,96,-81,-163
sp10-01-29,2010-07-28 8:21,1280272860,8,4,128,-37,-27
sp10-01-29,2010-07-28 8:31,1280273460,8,4,96,-74,-159
sp10-01-29,2010-07-28 8:40,1280274000,8,4,96,-118,-199
sp10-01-29,2010-07-28 8:50,1280274600,8,4,96,-102,-173
sp10-01-29,2010-07-28 9:01,1280275260,9,4,60,-49,-82
sp10-01-29,2010-07-28 9:11,1280275860,9,4,128,-106,-141
sp10-01-29,2010-07-28 9:40,1280277600,9,4,60,-62,-99
sp10-01-29,2010-07-28 9:51,1280278260,9,4,96,-16,-52
sp10-01-29,2010-07-28 10:20,1280280000,10,4,60,-52,-87
sp10-01-29,2010-07-28 10:31,1280280660,10,4,24,-106,-126
sp10-01-29,2010-07-28 11:02,1280282520,11,4,56,31,44
sp10-01-29,2010-07-28 11:12,1280283120,11,4,56,15,30
sp10-01-29,2010-07-28 11:42,1280284920,11,4,128,-94,-154
sp10-01-29,2010-07-28 12:11,1280286660,12,4,60,-62,-99
sp10-01-29,2010-07-28 12:21,1280287260,12,4,60,-64,-104
sp10-01-29,2010-07-28 12:51,1280289060,12,4,60,-52,-87
sp10-01-29,2010-07-28 13:23,1280290980,13,4,60,-53,-83
sp10-01-29,2010-07-28 15:04,1280297040,15,4,60,-50,-82
sp10-01-29,2010-07-28 15:15,1280297700,15,4,96,-65,-130
sp10-01-29,2010-07-28 15:46,1280299560,15,4,3,4507,5101
sp10-01-29,2010-07-28 15:57,1280300220,15,4,6,7078,7836
sp10-01-29,2010-07-28 16:06,1280300760,16,4,6,7780,8553
sp10-01-29,2010-07-28 16:16,1280301360,16,4,24,7723,8496
sp10-01-29,2010-07-28 16:26,1280301960,16,4,8,7749,8493
sp10-01-29,2010-07-28 16:37,1280302620,16,4,8,7768,8505
sp10-01-29,2010-07-28 16:48,1280303280,16,4,2,6872,8084
sp10-01-29,2010-07-28 16:59,1280303940,16,4,16,7065,8844
sp10-01-29,2010-07-28 17:08,1280304480,17,4,3,7038,8962
sp10-01-29,2010-07-28 17:18,1280305080,17,4,8,8047,10511
sp10-01-29,2010-07-28 17:28,1280305680,17,4,12,8051,10510
sp10-01-29,2010-07-28 17:40,1280306400,17,4,8,6153,8548
sp10-01-29,2010-07-28 17:49,1280306940,17,4,12,4486,6853
sp10-01-29,2010-07-28 17:59,1280307540,17,4,8,4450,6836
sp10-01-29,2010-07-28 18:09,1280308140,18,4,6,4456,6835
sp10-01-29,2010-07-28 18:19,1280308740,18,4,12,4417,6780
sp10-01-29,2010-07-28 18:30,1280309400,18,4,6,4424,6784
sp10-01-29,2010-07-28 18:41,1280310060,18,4,3,3484,5690
sp10-01-29,2010-07-28 18:51,1280310660,18,4,2,2436,3722
sp10-01-29,2010-07-28 19:01,1280311260,19,4,2,951,1305
sp10-01-29,2010-07-28 19:11,1280311860,19,4,880,2410,2533
sp10-01-29,2010-07-28 19:21,1280312460,19,4,96,-71,-135
sp10-01-29,2010-07-28 19:50,1280314200,19,4,60,-55,-94
sp10-01-29,2010-07-28 20:01,1280314860,20,4,128,-64,-121
sp10-01-29,2010-07-28 20:30,1280316600,20,4,48,-48,-115
sp10-01-29,2010-07-28 20:40,1280317200,20,4,96,-48,-79
sp10-01-29,2010-07-28 20:50,1280317800,20,4,48,-42,-106
sp10-01-29,2010-07-28 21:00,1280318400,21,4,128,-44,-125
sp10-01-29,2010-07-28 21:10,1280319000,21,4,96,-58,-118
sp10-01-29,2010-07-28 21:21,1280319660,21,4,128,-47,-157
sp10-01-29,2010-07-28 21:31,1280320260,21,4,96,-59,-168
sp10-01-29,2010-07-28 21:42,1280320920,21,4,96,-141,-255
sp10-01-29,2010-07-28 21:51,1280321460,21,4,60,-54,-87
sp10-01-29,2010-07-28 22:03,1280322180,22,4,128,-124,-159
sp10-01-29,2010-07-28 22:32,1280323920,22,4,60,-53,-83
sp10-01-29,2010-07-28 22:42,1280324520,22,4,16,-64,-143
sp10-01-29,2010-07-28 23:13,1280326380,23,4,96,-67,-79
sp10-01-29,2010-07-28 23:24,1280327040,23,4,96,-61,-131
sp10-01-29,2010-07-28 23:34,1280327640,23,4,96,-65,-138
sp10-01-29,2010-07-28 23:45,1280328300,23,4,96,-52,-105
sp10-01-29,2010-07-28 23:56,1280328960,23,4,64,-54,-108
sp10-01-29,2010-07-29 0:06,1280329560,0,5,96,-76,-137
sp10-01-29,2010-07-29 0:17,1280330220,0,5,128,-328,-54
sp10-01-29,2010-07-29 0:28,1280330880,0,5,48,-96,136
sp10-01-29,2010-07-29 0:37,1280331420,0,5,96,-104,-136
sp10-01-29,2010-07-29 0:47,1280332020,0,5,60,-52,-87
sp10-01-29,2010-07-29 0:58,1280332680,0,5,96,12,-137
sp10-01-29,2010-07-29 1:27,1280334420,1,5,60,-52,-87
sp10-01-29,2010-07-29 1:37,1280335020,1,5,60,-51,-82
sp10-01-29,2010-07-29 2:08,1280336880,2,5,96,144,-218
sp10-01-29,2010-07-29 2:37,1280338620,2,5,96,-47,-113
sp10-01-29,2010-07-29 2:47,1280339220,2,5,64,-98,-122
sp10-01-29,2010-07-29 2:57,1280339820,2,5,60,-51,-82
sp10-01-29,2010-07-29 3:08,1280340480,3,5,128,-131,-222
sp10-01-29,2010-07-29 3:38,1280342280,3,5,128,35,49
sp10-01-29,2010-07-29 3:47,1280342820,3,5,96,-79,-143
sp10-01-29,2010-07-29 3:57,1280343420,3,5,96,-69,-107
sp10-01-29,2010-07-29 4:07,1280344020,4,5,96,-141,-196
sp10-01-29,2010-07-29 4:17,1280344620,4,5,60,-52,-87
sp10-01-29,2010-07-29 4:27,1280345220,4,5,96,46,28
sp10-01-29,2010-07-29 4:57,1280347020,4,5,60,-52,-87
sp10-01-29,2010-07-29 5:07,1280347620,5,5,96,-159,-264
sp10-01-29,2010-07-29 5:37,1280349420,5,5,96,-87,-162
sp10-01-29,2010-07-29 5:47,1280350020,5,5,128,-113,-128
sp10-01-29,2010-07-29 6:07,1280351220,6,5,128,-75,-151
sp10-01-29,2010-07-29 6:18,1280351880,6,5,128,-114,-60
sp10-01-29,2010-07-29 6:28,1280352480,6,5,96,8,73
sp10-01-29,2010-07-29 6:37,1280353020,6,5,60,-51,-82
sp10-01-29,2010-07-29 6:47,1280353620,6,5,60,-52,-87
sp10-01-29,2010-07-29 7:17,1280355420,7,5,60,-51,-88
sp10-01-29,2010-07-29 7:48,1280357280,7,5,128,-68,-47
sp10-01-29,2010-07-29 8:18,1280359080,8,5,96,-176,-313
sp10-01-29,2010-07-29 8:27,1280359620,8,5,96,-89,-171
sp10-01-29,2010-07-29 8:37,1280360220,8,5,60,-52,-87
sp10-01-29,2010-07-29 8:48,1280360880,8,5,96,1,-50
sp10-01-29,2010-07-29 9:17,1280362620,9,5,60,-52,-87
sp10-01-29,2010-07-29 9:27,1280363220,9,5,60,-52,-87
sp10-01-29,2010-07-29 9:58,1280365080,9,5,96,-97,-131
sp10-01-29,2010-07-29 10:27,1280366820,10,5,60,-52,-87
sp10-01-29,2010-07-29 10:37,1280367420,10,5,60,-52,-87
sp10-01-29,2010-07-29 11:07,1280369220,11,5,60,-50,-77
sp10-01-29,2010-07-29 11:37,1280371020,11,5,60,-52,-87
sp10-01-29,2010-07-29 12:07,1280372820,12,5,60,-62,-99
sp10-01-29,2010-07-29 12:37,1280374620,12,5,60,-62,-99
sp10-01-29,2010-07-29 13:07,1280376420,13,5,60,-62,-99
sp10-01-29,2010-07-29 13:37,1280378220,13,5,60,-62,-99
sp10-01-29,2010-07-29 14:07,1280380020,14,5,60,-51,-82
sp10-01-29,2010-07-29 14:38,1280381880,14,5,4,876,1155
sp10-01-29,2010-07-29 15:08,1280383680,15,5,8,3434,6361
sp10-01-29,2010-07-29 15:18,1280384280,15,5,6,3432,6371
sp10-01-29,2010-07-29 15:29,1280384940,15,5,16,3400,6315
sp10-01-29,2010-07-29 15:39,1280385540,15,5,16,3345,6229
sp10-01-29,2010-07-29 15:51,1280386260,15,5,48,3409,6310
sp10-01-29,2010-07-29 16:02,1280386920,16,5,24,3373,6193
sp10-01-29,2010-07-29 16:13,1280387580,16,5,12,3396,6300
sp10-01-29,2010-07-29 16:23,1280388180,16,5,96,2738,5887
sp10-01-29,2010-07-29 16:34,1280388840,16,5,16,2693,5896
sp10-01-29,2010-07-29 16:45,1280389500,16,5,8,2711,5917
sp10-01-29,2010-07-29 16:56,1280390160,16,5,6,2515,4618
sp10-01-29,2010-07-29 17:06,1280390760,17,5,2,2352,2802
sp10-01-29,2010-07-29 17:17,1280391420,17,5,4,61,121
sp10-01-29,2010-07-29 17:27,1280392020,17,5,96,-66,-135
sp10-01-29,2010-07-29 17:37,1280392620,17,5,60,-52,-87
sp10-01-29,2010-07-29 17:48,1280393280,17,5,60,-52,-87
sp10-01-29,2010-07-29 18:18,1280395080,18,5,32,-42,-126
sp10-01-29,2010-07-29 18:49,1280396940,18,5,96,-65,-145
sp10-01-29,2010-07-29 18:59,1280397540,18,5,128,-65,-160
sp10-01-29,2010-07-29 19:09,1280398140,19,5,128,-45,-169
sp10-01-29,2010-07-29 19:19,1280398740,19,5,128,-55,-128
sp10-01-29,2010-07-29 19:29,1280399340,19,5,96,-73,-142
sp10-01-29,2010-07-29 19:40,1280400000,19,5,96,-7,-103
sp10-01-29,2010-07-29 19:50,1280400600,19,5,48,7,-26
sp10-01-29,2010-07-29 20:00,1280401200,20,5,6,2415,2754
sp10-01-29,2010-07-29 20:12,1280401920,20,5,3,2694,4496
sp10-01-29,2010-07-29 20:22,1280402520,20,5,96,2376,4171
sp10-01-29,2010-07-29 20:32,1280403120,20,5,128,2419,4136
sp10-01-29,2010-07-29 20:42,1280403720,20,5,8,3882,5778
sp10-01-29,2010-07-29 20:51,1280404260,20,5,60,-49,-70
sp10-01-29,2010-07-29 21:03,1280404980,21,5,60,-52,-87
sp10-01-29,2010-07-29 21:32,1280406720,21,5,60,-52,-87
sp10-01-29,2010-07-29 22:03,1280408580,22,5,60,-52,-87
sp10-01-29,2010-07-29 22:34,1280410440,22,5,128,-13,-125
sp10-01-29,2010-07-29 23:04,1280412240,23,5,96,-43,-107
sp10-01-29,2010-07-29 23:15,1280412900,23,5,96,-40,-99
sp10-01-29,2010-07-29 23:25,1280413500,23,5,60,-58,-102
sp10-01-29,2010-07-29 23:35,1280414100,23,5,96,-63,-131
sp10-01-29,2010-07-30 0:06,1280415960,0,6,128,-27,-99
sp10-01-29,2010-07-30 0:16,1280416560,0,6,96,-20,-73
sp10-01-29,2010-07-30 0:28,1280417280,0,6,128,-58,-104
sp10-01-29,2010-07-30 0:38,1280417880,0,6,96,-96,-158
sp10-01-29,2010-07-30 0:49,1280418540,0,6,96,-30,-163
sp10-01-29,2010-07-30 1:00,1280419200,1,6,128,-82,-152
sp10-01-29,2010-07-30 1:12,1280419920,1,6,128,-14,-52
sp10-01-29,2010-07-30 1:21,1280420460,1,6,128,27,-57
sp10-01-29,2010-07-30 1:32,1280421120,1,6,60,-59,-103
sp10-01-29,2010-07-30 1:43,1280421780,1,6,128,-89,-179
sp10-01-29,2010-07-30 2:13,1280423580,2,6,96,-93,-124
sp10-01-29,2010-07-30 2:24,1280424240,2,6,48,-52,-139
sp10-01-29,2010-07-30 2:35,1280424900,2,6,96,-128,-241
sp10-01-29,2010-07-30 2:46,1280425560,2,6,96,-43,-97
sp10-01-29,2010-07-30 2:56,1280426160,2,6,96,-54,-58
sp10-01-29,2010-07-30 3:07,1280426820,3,6,128,-28,-46
sp10-01-29,2010-07-30 3:18,1280427480,3,6,96,-142,-273
sp10-01-29,2010-07-30 3:29,1280428140,3,6,96,-100,-136
sp10-01-29,2010-07-30 3:40,1280428800,3,6,128,-7,-74
sp10-01-29,2010-07-30 3:50,1280429400,3,6,96,-52,-78
sp10-01-29,2010-07-30 4:01,1280430060,4,6,128,-110,-275
sp10-01-29,2010-07-30 4:12,1280430720,4,6,96,-75,-138
sp10-01-29,2010-07-30 4:23,1280431380,4,6,96,-115,-196
sp10-01-29,2010-07-30 4:33,1280431980,4,6,60,-44,-79
sp10-01-29,2010-07-30 4:44,1280432640,4,6,32,-201,-323
sp10-01-29,2010-07-30 5:13,1280434380,5,6,48,-144,-215
sp10-01-29,2010-07-30 5:23,1280434980,5,6,96,-44,-44
sp10-01-29,2010-07-30 5:33,1280435580,5,6,96,-36,-103
sp10-01-29,2010-07-30 5:45,1280436300,5,6,96,-55,-64
sp10-01-29,2010-07-30 5:55,1280436900,5,6,96,-188,-205
sp10-01-29,2010-07-30 6:06,1280437560,6,6,128,-76,-158
sp10-01-29,2010-07-30 6:15,1280438100,6,6,64,-16,-61
sp10-01-29,2010-07-30 6:26,1280438760,6,6,64,-53,-105
sp10-01-29,2010-07-30 6:37,1280439420,6,6,96,-28,-29
sp10-01-29,2010-07-30 6:47,1280440020,6,6,60,-50,-81
sp10-01-29,2010-07-30 6:58,1280440680,6,6,128,-84,-138
sp10-01-29,2010-07-30 7:29,1280442540,7,6,96,-3,-31
sp10-01-29,2010-07-30 7:40,1280443200,7,6,96,53,28
sp10-01-29,2010-07-30 7:51,1280443860,7,6,60,-37,-63
sp10-01-29,2010-07-30 8:00,1280444400,8,6,96,-84,-147
sp10-01-29,2010-07-30 8:31,1280446260,8,6,96,-89,-171
sp10-01-29,2010-07-30 8:40,1280446800,8,6,32,-44,-123
sp10-01-29,2010-07-30 8:51,1280447460,8,6,96,-148,-241
sp10-01-29,2010-07-30 9:02,1280448120,9,6,96,-207,-356
sp10-01-29,2010-07-30 9:12,1280448720,9,6,128,-106,-202
sp10-01-29,2010-07-30 9:23,1280449380,9,6,96,-47,-84
sp10-01-29,2010-07-30 9:33,1280449980,9,6,60,-52,-87
sp10-01-29,2010-07-30 9:44,1280450640,9,6,96,-112,-129
sp10-01-29,2010-07-30 10:14,1280452440,10,6,12,-1779,-3472
sp10-01-29,2010-07-30 10:25,1280453100,10,6,24,-1750,-3451
sp10-01-29,2010-07-30 10:35,1280453700,10,6,16,-110,-197
sp10-01-29,2010-07-30 10:45,1280454300,10,6,3,2204,1958
sp10-01-29,2010-07-30 10:55,1280454900,10,6,3,9225,9628
sp10-01-29,2010-07-30 11:05,1280455500,11,6,3,25651,14665
sp10-01-29,2010-07-30 11:15,1280456100,11,6,4,49690,32136
sp10-01-29,2010-07-30 11:25,1280456700,11,6,4,87270,72187
sp10-01-29,2010-07-30 11:35,1280457300,11,6,4,108412,90596
sp10-01-29,2010-07-30 11:46,1280457960,11,6,4,110533,91984
sp10-01-29,2010-07-30 11:55,1280458500,11,6,12,111311,92654
sp10-01-29,2010-07-30 12:05,1280459100,12,6,32,111298,92645
sp10-01-29,2010-07-30 12:15,1280459700,12,6,8,111311,92657
sp10-01-29,2010-07-30 12:25,1280460300,12,6,16,111301,92660
sp10-01-29,2010-07-30 12:35,1280460900,12,6,16,111286,92640
sp10-01-29,2010-07-30 12:46,1280461560,12,6,6,111289,92622
sp10-01-29,2010-07-30 12:56,1280462160,12,6,16,111307,92658
sp10-01-29,2010-07-30 13:07,1280462820,13,6,3,111127,92455
sp10-01-29,2010-07-30 13:16,1280463360,13,6,8,110123,91534
sp10-01-29,2010-07-30 13:28,1280464080,13,6,3,107733,90428
sp10-01-29,2010-07-30 13:38,1280464680,13,6,2,89539,75365
sp10-01-29,2010-07-30 13:49,1280465340,13,6,12,49263,31680
sp10-01-29,2010-07-30 13:59,1280465940,13,6,2,25291,15143
sp10-01-29,2010-07-30 14:09,1280466540,14,6,8,8179,8779
sp10-01-29,2010-07-30 14:18,1280467080,14,6,12,-242,-353
sp10-01-29,2010-07-30 14:29,1280467740,14,6,3,-935,620
sp10-01-29,2010-07-30 14:38,1280468280,14,6,8,-936,622
sp10-01-29,2010-07-30 14:49,1280468940,14,6,8,-913,671
sp10-01-29,2010-07-30 14:59,1280469540,14,6,6,-104,-195
sp10-01-29,2010-07-30 15:10,1280470200,15,6,96,-41,-105
sp10-01-29,2010-07-30 15:20,1280470800,15,6,96,-68,-138
sp10-01-29,2010-07-30 15:30,1280471400,15,6,128,-89,-154
sp10-01-29,2010-07-30 15:40,1280472000,15,6,128,-24,-83
sp10-01-29,2010-07-30 15:51,1280472660,15,6,16,-87,-174
sp10-01-29,2010-07-30 16:01,1280473260,16,6,64,-26,-27
sp10-01-29,2010-07-30 16:13,1280473980,16,6,32,-56,-85
sp10-01-29,2010-07-30 16:23,1280474580,16,6,12,-109,-142
sp10-01-29,2010-07-30 16:34,1280475240,16,6,8,-59,-109
sp10-01-29,2010-07-30 16:44,1280475840,16,6,32,-58,-73
sp10-01-29,2010-07-30 16:56,1280476560,16,6,12,-62,-115
sp10-01-29,2010-07-30 17:05,1280477100,17,6,96,-114,-151
sp10-01-29,2010-07-30 17:16,1280477760,17,6,60,-54,-76
sp10-01-29,2010-07-30 17:27,1280478420,17,6,128,-12,-20
sp10-01-29,2010-07-30 17:57,1280480220,17,6,60,-48,-82
sp10-01-29,2010-07-30 18:07,1280480820,18,6,60,-51,-87
sp10-01-29,2010-07-30 18:37,1280482620,18,6,128,-37,-76
sp10-01-29,2010-07-30 19:07,1280484420,19,6,96,-60,-78
sp10-01-29,2010-07-30 19:18,1280485080,19,6,96,-81,-159
sp10-01-29,2010-07-30 19:28,1280485680,19,6,96,-31,-70
sp10-01-29,2010-07-30 19:40,1280486400,19,6,48,-26,-68
sp10-01-29,2010-07-30 19:50,1280487000,19,6,32,-35,-122
sp10-01-29,2010-07-30 20:00,1280487600,20,6,96,-36,-96
sp10-01-29,2010-07-30 20:10,1280488200,20,6,48,-45,-69
sp10-01-29,2010-07-30 20:20,1280488800,20,6,96,-19,-74
sp10-01-29,2010-07-30 20:31,1280489460,20,6,32,-72,-180
sp10-01-29,2010-07-30 20:41,1280490060,20,6,96,-51,-97
sp10-01-29,2010-07-30 20:51,1280490660,20,6,48,-80,-172
sp10-01-29,2010-07-30 21:02,1280491320,21,6,96,-87,-147
sp10-01-29,2010-07-30 21:12,1280491920,21,6,64,-89,-159
sp10-01-29,2010-07-30 21:23,1280492580,21,6,96,-58,-111
sp10-01-29,2010-07-30 21:34,1280493240,21,6,60,-47,-80
sp10-01-29,2010-07-30 21:44,1280493840,21,6,96,-26,-133
sp10-01-29,2010-07-30 22:15,1280495700,22,6,48,-33,-108
sp10-01-29,2010-07-30 22:25,1280496300,22,6,128,-24,-106
sp10-01-29,2010-07-30 22:35,1280496900,22,6,96,-57,-128
sp10-01-29,2010-07-30 22:45,1280497500,22,6,24,-36,-122
sp10-01-29,2010-07-30 22:55,1280498100,22,6,96,-41,-109
sp10-01-29,2010-07-30 23:05,1280498700,23,6,48,-57,-109
sp10-01-29,2010-07-30 23:15,1280499300,23,6,24,-13,-46
sp10-01-29,2010-07-30 23:25,1280499900,23,6,96,-14,-32
sp10-01-29,2010-07-30 23:35,1280500500,23,6,32,-31,-95
sp10-01-29,2010-07-30 23:45,1280501100,23,6,32,-186,-324
sp10-01-29,2010-07-30 23:55,1280501700,23,6,128,-46,-24
sp10-01-29,2010-07-31 0:06,1280502360,0,7,128,-75,-122
sp10-01-29,2010-07-31 0:17,1280503020,0,7,48,-15,-144
sp10-01-29,2010-07-31 0:21,1280503260,0,7,96,-16,-119
sp10-01-29,2010-07-31 0:51,1280505060,0,7,60,-52,-87
sp10-01-29,2010-07-31 1:02,1280505720,1,7,60,-64,-104
sp10-01-29,2010-07-31 1:32,1280507520,1,7,60,-64,-104
sp10-01-29,2010-07-31 2:03,1280509380,2,7,128,-63,-121
sp10-01-29,2010-07-31 2:32,1280511120,2,7,60,-62,-95
sp10-01-29,2010-07-31 2:43,1280511780,2,7,60,-55,-94
sp10-01-29,2010-07-31 3:13,1280513580,3,7,60,-62,-96
sp10-01-29,2010-07-31 3:44,1280515440,3,7,60,-65,-106
sp10-01-29,2010-07-31 4:14,1280517240,4,7,60,-62,-99
sp10-01-29,2010-07-31 4:44,1280519040,4,7,60,-62,-99
sp10-01-29,2010-07-31 5:15,1280520900,5,7,60,-63,-94
sp10-01-29,2010-07-31 5:45,1280522700,5,7,60,-62,-96
sp10-01-29,2010-07-31 6:15,1280524500,6,7,60,-62,-99
sp10-01-29,2010-07-31 6:46,1280526360,6,7,60,-62,-99
sp10-01-29,2010-07-31 7:16,1280528160,7,7,60,-62,-99
sp10-01-29,2010-07-31 7:46,1280529960,7,7,60,-62,-99
sp10-01-29,2010-07-31 8:17,1280531820,8,7,60,-62,-99
sp10-01-29,2010-07-31 8:47,1280533620,8,7,60,-54,-76
sp10-01-29,2010-07-31 9:18,1280535480,9,7,60,-42,-65
sp10-01-29,2010-07-31 9:48,1280537280,9,7,60,-30,-66
sp10-01-29,2010-07-31 10:18,1280539080,10,7,60,-46,-85
sp10-01-29,2010-07-31 10:49,1280540940,10,7,16,-75,-159
sp10-01-29,2010-07-31 11:20,1280542800,11,7,1403,7394,33996
sp10-01-29,2010-07-31 11:29,1280543340,11,7,1587,17231,53067
sp10-01-29,2010-07-31 12:00,1280545200,12,7,24,55833,152221
sp10-01-29,2010-07-31 12:30,1280547000,12,7,96,63627,188456
sp10-01-29,2010-07-31 12:41,1280547660,12,7,192,70042,206832
sp10-01-29,2010-07-31 12:51,1280548260,12,7,96,91990,246052
sp10-01-29,2010-07-31 13:01,1280548860,13,7,32,108784,273349
sp10-01-29,2010-07-31 13:11,1280549460,13,7,8,110454,276590
sp10-01-29,2010-07-31 13:22,1280550120,13,7,48,110367,276441
sp10-01-29,2010-07-31 13:33,1280550780,13,7,24,110385,276491
sp10-01-29,2010-07-31 13:44,1280551440,13,7,8,110371,276426
sp10-01-29,2010-07-31 13:53,1280551980,13,7,12,110345,276397
sp10-01-29,2010-07-31 14:04,1280552640,14,7,24,110359,276441
sp10-01-29,2010-07-31 14:15,1280553300,14,7,8,110409,276514
sp10-01-29,2010-07-31 14:25,1280553900,14,7,48,110122,276305
sp10-01-29,2010-07-31 14:36,1280554560,14,7,64,110342,276495
sp10-01-29,2010-07-31 14:47,1280555220,14,7,16,110139,276310
sp10-01-29,2010-07-31 14:57,1280555820,14,7,48,110107,276301
